api,cp,tp,p50_ms,p95_ms,p99_ms,errors,200,404,4xx_else,5xx,other
order_detail,10,50,4.6111515,8.540167199999996,14.538266269999914,0,18000,0,0,0,0