{
    "root_group": {
        "name": "",
        "path": "",
        "id": "d41d8cd98f00b204e9800998ecf8427e",
        "groups": {},
        "checks": {
                "OrderMe status OK": {
                    "fails": 83,
                    "name": "OrderMe status OK",
                    "path": "::OrderMe status OK",
                    "id": "6b72616430495284dcaf8fca61df2c32",
                    "passes": 143809
                }
            }
    },
    "metrics": {
        "data_sent": {
            "count": 12960036,
            "rate": 55149.01729367035
        },
        "vus_max": {
            "value": 1517,
            "min": 510,
            "max": 1517
        },
        "http_reqs": {
            "count": 144186,
            "rate": 613.5566450205196
        },
        "status_200": {
            "count": 143809,
            "rate": 611.9523917977882
        },
        "checks": {
            "passes": 143809,
            "fails": 83,
            "value": 0.9994231784949823
        },
        "status_5xx": {
            "count": 83,
            "rate": 0.3531910278161758
        },
        "http_req_duration": {
            "max": 8098.33103,
            "p(50)": 1693.705745,
            "p(90)": 2840.1992805,
            "p(95)": 4691.408777,
            "p(99)": 6057.4432455,
            "avg": 1980.348004727764,
            "min": 20.351037,
            "med": 1693.705745
        },
        "iteration_duration": {
            "p(90)": 2453.7646189999996,
            "p(95)": 2898.6295017499997,
            "p(99)": 3898.5095367,
            "avg": 1842.851634786366,
            "min": 61.868846,
            "med": 1710.3992600000001,
            "max": 5681.197382,
            "p(50)": 1710.3992600000001
        },
        "http_req_waiting": {
            "p(50)": 1685.9171415,
            "p(90)": 2822.8035735000003,
            "p(95)": 4681.72263625,
            "p(99)": 6029.499941049996,
            "avg": 1970.5602503013583,
            "min": 15.024227,
            "med": 1685.9171415,
            "max": 8067.608543
        },
        "dropped_iterations": {
            "count": 36116,
            "rate": 153.68490554950608
        },
        "order_me_errors": {
            "rate": 0.3531910278161758,
            "count": 83
        },
        "http_req_connecting": {
            "avg": 0.053747133716172193,
            "min": 0,
            "med": 0,
            "max": 2472.098276,
            "p(50)": 0,
            "p(90)": 0,
            "p(95)": 0,
            "p(99)": 0.21496145
        },
        "iterations": {
            "count": 144186,
            "rate": 613.5566450205196
        },
        "http_req_tls_handshaking": {
            "p(50)": 0,
            "p(90)": 0,
            "p(95)": 0,
            "p(99)": 0,
            "avg": 0,
            "min": 0,
            "med": 0,
            "max": 0
        },
        "http_req_receiving": {
            "max": 2611.411643,
            "p(50)": 3.922819,
            "p(90)": 21.927167500000003,
            "p(95)": 28.45879375,
            "p(99)": 48.92405429999996,
            "avg": 9.692853614067802,
            "min": 0.01707,
            "med": 3.922819
        },
        "order_me_duration": {
            "avg": 1984.223269101328,
            "min": 20.731946,
            "med": 1695.071984,
            "max": 8098.33103,
            "p(50)": 1695.071984,
            "p(90)": 2842.4195315000006,
            "p(95)": 4692.845137149996,
            "p(99)": 6058.044784
        },
        "http_req_failed": {
            "passes": 83,
            "fails": 144103,
            "value": 0.00057564534698237
        },
        "http_req_duration{expected_response:true}": {
            "max": 8098.33103,
            "p(50)": 1693.342942,
            "p(90)": 2833.6925638000002,
            "p(95)": 4683.8019793,
            "p(99)": 6031.333281400003,
            "avg": 1978.017554309045,
            "min": 20.351037,
            "med": 1693.342942
        },
        "http_req_blocked": {
            "p(95)": 0.01932,
            "p(99)": 0.43667914999999186,
            "avg": 0.07788609931616315,
            "min": 0.002348,
            "med": 0.007925,
            "max": 2472.144456,
            "p(50)": 0.007925,
            "p(90)": 0.010946
        },
        "vus": {
            "value": 15,
            "min": 7,
            "max": 1500
        },
        "http_req_sending": {
            "max": 2459.656796,
            "p(50)": 0.022447500000000002,
            "p(90)": 0.0811455,
            "p(95)": 0.1806335,
            "p(99)": 0.5434783499999999,
            "avg": 0.09490081232574772,
            "min": 0.004943,
            "med": 0.022447500000000002
        },
        "data_received": {
            "count": 95946278,
            "rate": 408281.5005055004
        }
    }
}