{
    "timestamp_utc":  "2025-09-11T05:05:50.3292602Z",
    "hikari_active":  19,
    "hikari_idle":  1,
    "hikari_pending":  170,
    "hikari_max":  20,
    "jvm_heap_used_mb":  261.36616516113281,
    "jvm_heap_max_mb":  1949.9999980926514,
    "gc_pause_ms_per_s":  8.0614923134608176,
    "gc_pause_events_per_s":  1.3310836145481817,
    "pg_active_connections":  4,
    "pg_avg_query_time_ms":  0,
    "pg_tps":  5.7928086685913547,
    "redis_used_memory_mb":  1.1238250732421875,
    "redis_hit_rate":  0
}
