{
    "metrics": {
        "data_received": {
            "rate": 125720.73147510248,
            "count": 19365698
        },
        "http_req_connecting": {
            "min": 0,
            "med": 0,
            "max": 28.483883,
            "p(50)": 0,
            "p(90)": 0,
            "p(95)": 0,
            "p(99)": 0.31900091,
            "avg": 0.015297250813008124
        },
        "order_create_duration": {
            "p(99)": 101.704014,
            "avg": 60.64944300333049,
            "min": 8.415937,
            "med": 15.456881,
            "max": 23867.116088,
            "p(50)": 15.456881,
            "p(90)": 34.37762,
            "p(95)": 51.279437
        },
        "product_list_duration": {
            "p(95)": 23.005905,
            "p(99)": 36.764976,
            "avg": 26.953820042771827,
            "min": 0.484939,
            "med": 12.274415,
            "max": 23907.307324,
            "p(50)": 12.274415,
            "p(90)": 19.726876
        },
        "order_detail_errors": {
            "count": 325,
            "rate": 2.109876841485822
        },
        "iterations": {
            "count": 12300,
            "rate": 79.85072353930958
        },
        "http_req_duration": {
            "p(90)": 20.183067800000007,
            "p(95)": 25.094321649999994,
            "p(99)": 48.262497830000015,
            "avg": 28.294849211382036,
            "min": 0.484939,
            "med": 11.187060500000001,
            "max": 23907.307324,
            "p(50)": 11.187060500000001
        },
        "http_req_duration{expected_response:true}": {
            "p(99)": 48.58925122000003,
            "avg": 28.89094383549051,
            "min": 0.484939,
            "med": 11.334177,
            "max": 23907.307324,
            "p(50)": 11.334177,
            "p(90)": 20.312731000000003,
            "p(95)": 25.3057438
        },
        "http_req_failed": {
            "fails": 11975,
            "passes": 325,
            "value": 0.026422764227642278
        },
        "http_req_tls_handshaking": {
            "med": 0,
            "max": 0,
            "p(50)": 0,
            "p(90)": 0,
            "p(95)": 0,
            "p(99)": 0,
            "avg": 0,
            "min": 0
        },
        "iteration_duration": {
            "p(50)": 66.79783,
            "p(90)": 111.86906820000002,
            "p(95)": 170.16916714999996,
            "p(99)": 1025.10663873,
            "avg": 91.88879324308905,
            "min": 4.274413,
            "med": 66.79783,
            "max": 1650.804311
        },
        "order_detail_duration": {
            "p(50)": 5.401507,
            "p(90)": 9.57176,
            "p(95)": 12.848718,
            "p(99)": 27.666792,
            "avg": 19.81323611746732,
            "min": 2.737376,
            "med": 5.401507,
            "max": 23855.420639
        },
        "http_req_blocked": {
            "p(90)": 0.011922400000000001,
            "p(95)": 0.028925799999999696,
            "p(99)": 0.44081525000000005,
            "avg": 0.027412387723577236,
            "min": 0.002413,
            "med": 0.00723,
            "max": 28.588513,
            "p(50)": 0.00723
        },
        "vus": {
            "min": 4,
            "max": 12,
            "value": 6
        },
        "dropped_iterations": {
            "count": 4,
            "rate": 0.0259677149721332
        },
        "http_reqs": {
            "count": 12300,
            "rate": 79.85072353930958
        },
        "http_req_waiting": {
            "p(99)": 47.27226250000001,
            "avg": 27.713236046748023,
            "min": 0,
            "med": 10.7011115,
            "max": 23906.842136,
            "p(50)": 10.7011115,
            "p(90)": 19.458136300000003,
            "p(95)": 24.093260999999984
        },
        "http_req_sending": {
            "max": 4.070726,
            "p(50)": 0.035192,
            "p(90)": 0.06433130000000001,
            "p(95)": 0.07849049999999999,
            "p(99)": 0.13310098000000004,
            "avg": 0.04027414317073163,
            "min": 0.006021,
            "med": 0.035192
        },
        "vus_max": {
            "min": 60,
            "max": 64,
            "value": 64
        },
        "http_req_receiving": {
            "min": 0.022596,
            "med": 0.4250475,
            "max": 37.766206,
            "p(50)": 0.4250475,
            "p(90)": 0.7885297,
            "p(95)": 1.0823256999999995,
            "p(99)": 2.3485895400000008,
            "avg": 0.5413390214634162
        },
        "data_sent": {
            "rate": 8053.1532106591485,
            "count": 1240487
        },
        "checks": {
            "passes": 11678,
            "fails": 325,
            "value": 0.9729234358077148
        }
    },
    "root_group": {
        "groups": {},
        "checks": {
                "ProductList status OK": {
                    "passes": 7201,
                    "fails": 0,
                    "name": "ProductList status OK",
                    "path": "::ProductList status OK",
                    "id": "49a8c37c84fe4253663374d899e6abed"
                },
                "OrderDetail status OK": {
                    "name": "OrderDetail status OK",
                    "path": "::OrderDetail status OK",
                    "id": "f04199cfa4089db30b80c2eea193ae72",
                    "passes": 3276,
                    "fails": 325
                },
                "OrderCreate status OK": {
                    "name": "OrderCreate status OK",
                    "path": "::OrderCreate status OK",
                    "id": "5ea11454c2d174e1b038df887ad792ed",
                    "passes": 1201,
                    "fails": 0
                }
            },
        "name": "",
        "path": "",
        "id": "d41d8cd98f00b204e9800998ecf8427e"
    }
}