api,p50_ms,p95_ms,p99_ms,errors
product_list,12.274415,23.005905,36.764976,0
order_detail,5.401507,12.848718,27.666792,325
order_create,15.456881,51.279437,101.704014,0