{
    "metrics": {
        "http_req_waiting": {
            "p(50)": 10.817181,
            "p(90)": 19.71637,
            "p(95)": 24.16231,
            "p(99)": 49.135788,
            "avg": 16.076979950979513,
            "min": 0,
            "med": 10.817181,
            "max": 23903.873966
        },
        "iteration_duration": {
            "p(99)": 1022.942849,
            "avg": 92.11033326054789,
            "min": 4.555112,
            "med": 66.870453,
            "max": 1524.423987,
            "p(50)": 66.870453,
            "p(90)": 112.19912,
            "p(95)": 175.063362
        },
        "dropped_iterations": {
            "count": 3,
            "rate": 0.019456909640832413
        },
        "http_reqs": {
            "count": 12301,
            "rate": 79.77981516395984
        },
        "http_req_duration{expected_response:true}": {
            "p(50)": 11.4522365,
            "p(90)": 20.5634416,
            "p(95)": 25.476555900000005,
            "p(99)": 51.8917737799999,
            "avg": 18.95866861753381,
            "min": 0.24787,
            "med": 11.4522365,
            "max": 23904.294444
        },
        "http_req_blocked": {
            "avg": 0.02950406178359482,
            "min": 0.002326,
            "med": 0.007105,
            "max": 28.76223,
            "p(50)": 0.007105,
            "p(90)": 0.011668,
            "p(95)": 0.029162,
            "p(99)": 0.445464
        },
        "checks": {
            "passes": 11656,
            "fails": 347,
            "value": 0.97109056069316
        },
        "data_sent": {
            "count": 1239110,
            "rate": 8036.417101683951
        },
        "http_req_failed": {
            "passes": 347,
            "fails": 11954,
            "value": 0.02820908869197626
        },
        "product_list_duration": {
            "min": 0.24787,
            "med": 12.330174,
            "max": 23904.294444,
            "p(50)": 12.330174,
            "p(90)": 19.931375,
            "p(95)": 23.42838,
            "p(99)": 37.18212,
            "avg": 20.369721672823143
        },
        "order_detail_duration": {
            "p(95)": 13.808732,
            "p(99)": 29.720017,
            "avg": 13.227549865037501,
            "min": 2.734495,
            "med": 5.226829,
            "max": 23866.646769,
            "p(50)": 5.226829,
            "p(90)": 9.292915
        },
        "http_req_connecting": {
            "p(99)": 0.323499,
            "avg": 0.017380758393626527,
            "min": 0,
            "med": 0,
            "max": 28.678023,
            "p(50)": 0,
            "p(90)": 0,
            "p(95)": 0
        },
        "vus": {
            "min": 4,
            "max": 12,
            "value": 10
        },
        "iterations": {
            "rate": 79.77981516395984,
            "count": 12301
        },
        "http_req_sending": {
            "p(95)": 0.07896,
            "p(99)": 0.138609,
            "avg": 0.04102323355824735,
            "min": 0.006427,
            "med": 0.035374,
            "max": 3.982813,
            "p(50)": 0.035374,
            "p(90)": 0.063314
        },
        "http_req_receiving": {
            "min": 0.030136,
            "med": 0.428199,
            "max": 23855.995945,
            "p(50)": 0.428199,
            "p(90)": 0.799605,
            "p(95)": 1.117216,
            "p(99)": 2.808414,
            "avg": 2.490060347044959
        },
        "http_req_duration": {
            "max": 23904.294444,
            "p(50)": 11.309111,
            "p(90)": 20.480494,
            "p(95)": 25.318006,
            "p(99)": 50.88737,
            "avg": 18.608063531582726,
            "min": 0.24787,
            "med": 11.309111
        },
        "data_received": {
            "count": 19331139,
            "rate": 125374.74159245715
        },
        "http_req_tls_handshaking": {
            "min": 0,
            "med": 0,
            "max": 0,
            "p(50)": 0,
            "p(90)": 0,
            "p(95)": 0,
            "p(99)": 0,
            "avg": 0
        },
        "vus_max": {
            "value": 63,
            "min": 60,
            "max": 63
        },
        "order_detail_errors": {
            "count": 347,
            "rate": 2.250515881789616
        },
        "order_create_duration": {
            "p(90)": 36.801095,
            "p(95)": 55.574007,
            "p(99)": 111.413401,
            "avg": 21.851699873438793,
            "min": 0.765456,
            "med": 15.699113,
            "max": 246.470489,
            "p(50)": 15.699113
        }
    },
    "root_group": {
        "name": "",
        "path": "",
        "id": "d41d8cd98f00b204e9800998ecf8427e",
        "groups": {},
        "checks": {
                "ProductList status OK": {
                    "passes": 7201,
                    "fails": 0,
                    "name": "ProductList status OK",
                    "path": "::ProductList status OK",
                    "id": "49a8c37c84fe4253663374d899e6abed"
                },
                "OrderDetail status OK": {
                    "fails": 347,
                    "name": "OrderDetail status OK",
                    "path": "::OrderDetail status OK",
                    "id": "f04199cfa4089db30b80c2eea193ae72",
                    "passes": 3254
                },
                "OrderCreate status OK": {
                    "passes": 1201,
                    "fails": 0,
                    "name": "OrderCreate status OK",
                    "path": "::OrderCreate status OK",
                    "id": "5ea11454c2d174e1b038df887ad792ed"
                }
            }
    }
}