api,p50_ms,p95_ms,p99_ms,errors
product_list,12.330174,23.42838,37.18212,0
order_detail,5.226829,13.808732,29.720017,347
order_create,15.699113,55.574007,111.413401,0