api,p50_ms,p95_ms,p99_ms,errors
product_list,12.731069,39.681189,204.77433,0
order_detail,5.565646,25.822465,160.537966,371
order_create,16.135825,91.52749824999997,264.27266570999996,0