{
    "root_group": {
        "id": "d41d8cd98f00b204e9800998ecf8427e",
        "groups": {},
        "checks": {
                "ProductList status OK": {
                    "name": "ProductList status OK",
                    "path": "::ProductList status OK",
                    "id": "49a8c37c84fe4253663374d899e6abed",
                    "passes": 7201,
                    "fails": 0
                },
                "OrderDetail status OK": {
                    "fails": 371,
                    "name": "OrderDetail status OK",
                    "path": "::OrderDetail status OK",
                    "id": "f04199cfa4089db30b80c2eea193ae72",
                    "passes": 3230
                },
                "OrderCreate status OK": {
                    "fails": 0,
                    "name": "OrderCreate status OK",
                    "path": "::OrderCreate status OK",
                    "id": "5ea11454c2d174e1b038df887ad792ed",
                    "passes": 1200
                }
            },
        "name": "",
        "path": ""
    },
    "metrics": {
        "http_req_blocked": {
            "avg": 0.038912404049438985,
            "min": 0.002587,
            "med": 0.0074725,
            "max": 29.921118,
            "p(50)": 0.0074725,
            "p(90)": 0.01220940000000001,
            "p(95)": 0.040352149999999934,
            "p(99)": 0.4850075300000041
        },
        "iterations": {
            "count": 12298,
            "rate": 79.87787829021359
        },
        "vus_max": {
            "max": 65,
            "value": 65,
            "min": 60
        },
        "order_create_duration": {
            "avg": 29.927532492500003,
            "min": 0.120499,
            "med": 16.135825,
            "max": 709.254332,
            "p(50)": 16.135825,
            "p(90)": 51.602982800000014,
            "p(95)": 91.52749824999997,
            "p(99)": 264.27266570999996
        },
        "http_req_sending": {
            "max": 15.567723,
            "p(50)": 0.035467,
            "p(90)": 0.06384070000000001,
            "p(95)": 0.08190164999999996,
            "p(99)": 0.16943102000000035,
            "avg": 0.046106565132541966,
            "min": 0.005933,
            "med": 0.035467
        },
        "http_req_waiting": {
            "p(99)": 193.07768182000035,
            "avg": 27.184535414701482,
            "min": 0,
            "med": 11.326849,
            "max": 23885.925416,
            "p(50)": 11.326849,
            "p(90)": 25.01154140000001,
            "p(95)": 41.9430857499999
        },
        "http_req_duration{expected_response:true}": {
            "avg": 28.747882293451745,
            "min": 0.120499,
            "med": 11.988814,
            "max": 23886.349483,
            "p(50)": 11.988814,
            "p(90)": 26.163434399999993,
            "p(95)": 45.71947179999988,
            "p(99)": 206.0569607999998
        },
        "http_reqs": {
            "count": 12298,
            "rate": 79.87787829021359
        },
        "http_req_duration": {
            "avg": 28.282480247601175,
            "min": 0.120499,
            "med": 11.832501,
            "max": 23886.349483,
            "p(50)": 11.832501,
            "p(90)": 25.994554400000006,
            "p(95)": 45.3060194499999,
            "p(99)": 206.30791178000075
        },
        "product_list_duration": {
            "p(95)": 39.681189,
            "p(99)": 204.77433,
            "avg": 32.83542138925154,
            "min": 0.252288,
            "med": 12.731069,
            "max": 23886.349483,
            "p(50)": 12.731069,
            "p(90)": 25.016644
        },
        "http_req_connecting": {
            "p(50)": 0,
            "p(90)": 0,
            "p(95)": 0,
            "p(99)": 0.34972018000000116,
            "avg": 0.022861890876565285,
            "min": 0,
            "med": 0,
            "max": 29.802793
        },
        "http_req_receiving": {
            "max": 182.618577,
            "p(50)": 0.43845199999999995,
            "p(90)": 0.9557363000000001,
            "p(95)": 1.6838840999999998,
            "p(99)": 15.264235020000003,
            "avg": 1.0518382677671132,
            "min": 0.022146,
            "med": 0.43845199999999995
        },
        "data_sent": {
            "count": 1238227,
            "rate": 8042.522816852846
        },
        "order_detail_duration": {
            "p(90)": 13.58282,
            "p(95)": 25.822465,
            "p(99)": 160.537966,
            "avg": 17.897982252429887,
            "min": 2.645046,
            "med": 5.565646,
            "max": 23877.377763,
            "p(50)": 5.565646
        },
        "http_req_tls_handshaking": {
            "med": 0,
            "max": 0,
            "p(50)": 0,
            "p(90)": 0,
            "p(95)": 0,
            "p(99)": 0,
            "avg": 0,
            "min": 0
        },
        "http_req_failed": {
            "passes": 371,
            "fails": 11927,
            "value": 0.030167506911692957
        },
        "vus": {
            "min": 2,
            "max": 28,
            "value": 9
        },
        "data_received": {
            "rate": 125277.23490062257,
            "count": 19287686
        },
        "order_detail_errors": {
            "count": 371,
            "rate": 2.4097164454113873
        },
        "checks": {
            "passes": 11631,
            "fails": 371,
            "value": 0.9690884852524579
        },
        "dropped_iterations": {
            "count": 5,
            "rate": 0.03247596287616425
        },
        "iteration_duration": {
            "p(95)": 204.11639544999997,
            "p(99)": 1027.75670276,
            "avg": 97.61721096446567,
            "min": 4.214422,
            "med": 69.64892499999999,
            "max": 1772.049475,
            "p(50)": 69.64892499999999,
            "p(90)": 128.20553620000015
        }
    }
}