{
    "metrics": {
        "data_received": {
            "count": 130279948,
            "rate": 551894.0282189097
        },
        "dropped_iterations": {
            "rate": 424.2909436711593,
            "count": 100158
        },
        "http_req_tls_handshaking": {
            "p(50)": 0,
            "p(90)": 0,
            "p(95)": 0,
            "p(99)": 0,
            "avg": 0,
            "min": 0,
            "med": 0,
            "max": 0
        },
        "http_req_waiting": {
            "p(99)": 8532.132553200021,
            "avg": 3667.682570120312,
            "min": 0,
            "med": 3273.2073545000003,
            "max": 11913.234898,
            "p(50)": 3273.2073545000003,
            "p(90)": 6058.8559399999995,
            "p(95)": 6868.33491025
        },
        "product_list_duration": {
            "p(99)": 8506.89005595001,
            "avg": 3709.29578815428,
            "min": -121.791745,
            "med": 3302.7219305,
            "max": 11915.459713,
            "p(50)": 3302.7219305,
            "p(90)": 6109.981165200002,
            "p(95)": 6910.3264930999985
        },
        "order_detail_errors": {
            "count": 15,
            "rate": 0.06354324322637622
        },
        "checks": {
            "passes": 79795,
            "fails": 54,
            "value": 0.9993237235281593
        },
        "order_detail_duration": {
            "med": 3227.598349,
            "max": 11795.961984,
            "p(50)": 3227.598349,
            "p(90)": 6009.089596,
            "p(95)": 6805.5536565,
            "p(99)": 8603.260466799991,
            "avg": 3629.926128583686,
            "min": -129.079158
        },
        "http_req_connecting": {
            "min": 0,
            "med": 0,
            "max": 56.749773,
            "p(50)": 0,
            "p(90)": 0,
            "p(95)": 0,
            "p(99)": 0.2965634000000001,
            "avg": 0.03398699011803453
        },
        "order_create_errors": {
            "count": 11,
            "rate": 0.04659837836600923
        },
        "vus": {
            "min": 1,
            "max": 1500,
            "value": 1
        },
        "http_req_receiving": {
            "min": -2740.869364,
            "med": 0.5997315000000001,
            "max": 6105.415108,
            "p(50)": 0.5997315000000001,
            "p(90)": 6.446939,
            "p(95)": 11.820435,
            "p(99)": 33.55210375000017,
            "avg": 3.0290937822473927
        },
        "data_sent": {
            "count": 8072971,
            "rate": 34198.85065416544
        },
        "iterations": {
            "count": 80146,
            "rate": 339.5157847747432
        },
        "http_req_duration": {
            "avg": 3670.7623670045373,
            "min": -129.079158,
            "med": 3275.7911485,
            "max": 11915.459713,
            "p(50)": 3275.7911485,
            "p(90)": 6062.735743499999,
            "p(95)": 6870.3890035,
            "p(99)": 8547.902311000014
        },
        "order_create_duration": {
            "avg": 3701.2955149661025,
            "min": 0.096376,
            "med": 3287.5723230000003,
            "max": 11448.067496,
            "p(50)": 3287.5723230000003,
            "p(90)": 6077.1627545,
            "p(95)": 6934.28152675,
            "p(99)": 8616.881990800002
        },
        "vus_max": {
            "value": 1514,
            "min": 510,
            "max": 1514
        },
        "http_req_duration{expected_response:true}": {
            "avg": 3669.465761257561,
            "min": -129.079158,
            "med": 3275.3399,
            "max": 11915.459713,
            "p(50)": 3275.3399,
            "p(90)": 6059.741263600002,
            "p(95)": 6861.608591949997,
            "p(99)": 8522.078165599958
        },
        "http_req_failed": {
            "passes": 54,
            "fails": 80092,
            "value": 0.0006737703690764355
        },
        "iteration_duration": {
            "p(50)": 3255.717485,
            "p(90)": 4355.8490065000005,
            "p(95)": 4775.7252545,
            "p(99)": 5679.398852550001,
            "avg": 3361.3347227265003,
            "min": 74.131229,
            "med": 3255.717485,
            "max": 7393.303462
        },
        "product_list_errors": {
            "count": 28,
            "rate": 0.11861405402256894
        },
        "http_reqs": {
            "count": 80146,
            "rate": 339.5157847747432
        },
        "http_req_blocked": {
            "med": 0.007818,
            "max": 56.871451,
            "p(50)": 0.007818,
            "p(90)": 0.0112765,
            "p(95)": 0.025063500000000002,
            "p(99)": 0.5353566500000012,
            "avg": 0.054570882788910154,
            "min": 0.002506
        },
        "http_req_sending": {
            "p(99)": 0.44636745000000155,
            "avg": 0.050703102001347415,
            "min": 0.005791,
            "med": 0.0231775,
            "max": 37.948945,
            "p(50)": 0.0231775,
            "p(90)": 0.0567635,
            "p(95)": 0.107599
        }
    },
    "root_group": {
        "name": "",
        "path": "",
        "id": "d41d8cd98f00b204e9800998ecf8427e",
        "groups": {},
        "checks": {
                "ProductList status OK": {
                    "name": "ProductList status OK",
                    "path": "::ProductList status OK",
                    "id": "49a8c37c84fe4253663374d899e6abed",
                    "passes": 47604,
                    "fails": 28
                },
                "OrderDetail status OK": {
                    "passes": 24356,
                    "fails": 15,
                    "name": "OrderDetail status OK",
                    "path": "::OrderDetail status OK",
                    "id": "f04199cfa4089db30b80c2eea193ae72"
                },
                "OrderCreate status OK": {
                    "name": "OrderCreate status OK",
                    "path": "::OrderCreate status OK",
                    "id": "5ea11454c2d174e1b038df887ad792ed",
                    "passes": 7835,
                    "fails": 11
                }
            }
    }
}