api,p50_ms,p95_ms,p99_ms,errors
product_list,3302.7219305,6910.3264930999985,8506.89005595001,28
order_detail,3227.598349,6805.5536565,8603.260466799991,15
order_create,3287.5723230000003,6934.28152675,8616.881990800002,11