{
    "metrics": {
        "order_detail_errors": {
            "rate": 0.34706864913304686,
            "count": 82
        },
        "dropped_iterations": {
            "count": 105282,
            "rate": 445.6107502198224
        },
        "checks": {
            "passes": 74408,
            "fails": 316,
            "value": 0.9957711043306033
        },
        "http_req_duration": {
            "avg": 3929.986956574056,
            "min": -258.957146,
            "med": 3189.982396,
            "max": 15077.33024,
            "p(50)": 3189.982396,
            "p(90)": 6714.301526100002,
            "p(95)": 7787.271909500001,
            "p(99)": 10136.761568749993
        },
        "product_list_errors": {
            "count": 208,
            "rate": 0.8803692563374846
        },
        "order_create_errors": {
            "count": 26,
            "rate": 0.11004615704218558
        },
        "http_req_blocked": {
            "p(90)": 0.011669100000000007,
            "p(95)": 0.029314200000000012,
            "p(99)": 0.7060596399999978,
            "avg": 0.05776247486003748,
            "min": 0,
            "med": 0.007962,
            "max": 35.622966,
            "p(50)": 0.007962
        },
        "http_req_sending": {
            "med": 0.023471,
            "max": 6086.772167,
            "p(50)": 0.023471,
            "p(90)": 0.060133700000000095,
            "p(95)": 0.12161380000000047,
            "p(99)": 0.4949612499999986,
            "avg": 0.1346430922420685,
            "min": 0.005758
        },
        "vus": {
            "value": 76,
            "min": 6,
            "max": 1500
        },
        "http_reqs": {
            "count": 75020,
            "rate": 317.5254885117216
        },
        "order_detail_duration": {
            "p(50)": 3128.666951,
            "p(90)": 6635.6685688,
            "p(95)": 7693.719413,
            "p(99)": 10058.01918155999,
            "avg": 3866.8114907747486,
            "min": 0.044216,
            "med": 3128.666951,
            "max": 14451.634793
        },
        "http_req_waiting": {
            "p(99)": 10108.637606719998,
            "avg": 3921.4892391680837,
            "min": 0,
            "med": 3187.5812830000004,
            "max": 15073.841485,
            "p(50)": 3187.5812830000004,
            "p(90)": 6695.6583875000015,
            "p(95)": 7761.205815950001
        },
        "data_sent": {
            "count": 7555308,
            "rate": 31978.177333464657
        },
        "data_received": {
            "count": 120985999,
            "rate": 512078.624840758
        },
        "iteration_duration": {
            "avg": 3596.9075980833595,
            "min": 41.192244,
            "med": 3188.792493,
            "max": 9843.718235,
            "p(50)": 3188.792493,
            "p(90)": 5453.670041,
            "p(95)": 6176.042900550001,
            "p(99)": 7544.434723609995
        },
        "http_req_tls_handshaking": {
            "avg": 0,
            "min": 0,
            "med": 0,
            "max": 0,
            "p(50)": 0,
            "p(90)": 0,
            "p(95)": 0,
            "p(99)": 0
        },
        "vus_max": {
            "max": 1514,
            "value": 1514,
            "min": 510
        },
        "order_create_duration": {
            "med": 3199.892686,
            "max": 14398.662363,
            "p(50)": 3199.892686,
            "p(90)": 6837.2360864,
            "p(95)": 7913.630401199993,
            "p(99)": 9999.934374879997,
            "avg": 3961.8301803473946,
            "min": 0.048447
        },
        "http_req_duration{expected_response:true}": {
            "p(99)": 10001.08212136,
            "avg": 3911.4856261656837,
            "min": -258.957146,
            "med": 3186.1966425,
            "max": 15077.33024,
            "p(50)": 3186.1966425,
            "p(90)": 6659.3691592000005,
            "p(95)": 7722.306518849999
        },
        "http_req_receiving": {
            "p(50)": 0.6882885,
            "p(90)": 12.767716000000004,
            "p(95)": 36.04663315000003,
            "p(99)": 143.92285808999986,
            "avg": 8.36307431370333,
            "min": -2741.783419,
            "med": 0.6882885,
            "max": 6313.038022
        },
        "http_req_connecting": {
            "med": 0,
            "max": 35.563817,
            "p(50)": 0,
            "p(90)": 0,
            "p(95)": 0,
            "p(99)": 0.3852376099999991,
            "avg": 0.000938072740602539,
            "min": -2732.12756
        },
        "product_list_duration": {
            "p(99)": 10193.02595197,
            "avg": 3983.2431678538233,
            "min": -258.957146,
            "med": 3226.5611365,
            "max": 15077.33024,
            "p(50)": 3226.5611365,
            "p(90)": 6758.2955342,
            "p(95)": 7836.544523199997
        },
        "iterations": {
            "count": 75020,
            "rate": 317.5254885117216
        },
        "http_req_failed": {
            "passes": 316,
            "fails": 74704,
            "value": 0.004212210077312716
        }
    },
    "root_group": {
        "name": "",
        "path": "",
        "id": "d41d8cd98f00b204e9800998ecf8427e",
        "groups": {},
        "checks": {
                "ProductList status OK": {
                    "fails": 208,
                    "name": "ProductList status OK",
                    "path": "::ProductList status OK",
                    "id": "49a8c37c84fe4253663374d899e6abed",
                    "passes": 44262
                },
                "OrderDetail status OK": {
                    "name": "OrderDetail status OK",
                    "path": "::OrderDetail status OK",
                    "id": "f04199cfa4089db30b80c2eea193ae72",
                    "passes": 22823,
                    "fails": 82
                },
                "OrderCreate status OK": {
                    "passes": 7323,
                    "fails": 26,
                    "name": "OrderCreate status OK",
                    "path": "::OrderCreate status OK",
                    "id": "5ea11454c2d174e1b038df887ad792ed"
                }
            }
    }
}