api,p50_ms,p95_ms,p99_ms,errors
product_list,3226.5611365,7836.544523199997,10193.02595197,208
order_detail,3128.666951,7693.719413,10058.01918155999,82
order_create,3199.892686,7913.630401199993,9999.934374879997,26