api,p50_ms,p95_ms,p99_ms,errors
product_list,3535.861744,7448.852217700001,9203.84553819999,51
order_detail,3467.597599,7355.000341,9158.813809,22
order_create,3549.1202780000003,7450.688383799993,9319.33669453,5