{
    "root_group": {
        "id": "d41d8cd98f00b204e9800998ecf8427e",
        "groups": {},
        "checks": {
                "ProductList status OK": {
                    "path": "::ProductList status OK",
                    "id": "49a8c37c84fe4253663374d899e6abed",
                    "passes": 44372,
                    "fails": 51,
                    "name": "ProductList status OK"
                },
                "OrderDetail status OK": {
                    "path": "::OrderDetail status OK",
                    "id": "f04199cfa4089db30b80c2eea193ae72",
                    "passes": 22579,
                    "fails": 22,
                    "name": "OrderDetail status OK"
                },
                "OrderCreate status OK": {
                    "name": "OrderCreate status OK",
                    "path": "::OrderCreate status OK",
                    "id": "5ea11454c2d174e1b038df887ad792ed",
                    "passes": 7299,
                    "fails": 5
                }
            },
        "name": "",
        "path": ""
    },
    "metrics": {
        "order_create_duration": {
            "p(95)": 7450.688383799993,
            "p(99)": 9319.33669453,
            "avg": 3992.4088087908044,
            "min": 0.064717,
            "med": 3549.1202780000003,
            "max": 12140.817478,
            "p(50)": 3549.1202780000003,
            "p(90)": 6296.3983078
        },
        "order_detail_errors": {
            "count": 22,
            "rate": 0.09304527262581916
        },
        "vus_max": {
            "value": 1515,
            "min": 510,
            "max": 1515
        },
        "data_sent": {
            "count": 7516628,
            "rate": 31790.304613039356
        },
        "http_req_duration{expected_response:true}": {
            "min": 0.064717,
            "med": 3509.592875,
            "max": 12803.337516,
            "p(50)": 3509.592875,
            "p(90)": 6261.513312,
            "p(95)": 7404.17490875,
            "p(99)": 9177.761117000002,
            "avg": 3948.083591756839
        },
        "http_req_connecting": {
            "p(50)": 0,
            "p(90)": 0,
            "p(95)": 0,
            "p(99)": 0.4432922400000229,
            "avg": 0.03634229077776586,
            "min": 0,
            "med": 0,
            "max": 39.48254
        },
        "checks": {
            "passes": 74250,
            "fails": 78,
            "value": 0.9989505973522764
        },
        "order_detail_duration": {
            "p(99)": 9158.813809,
            "avg": 3922.3625381730076,
            "min": 0.272001,
            "med": 3467.597599,
            "max": 12107.27163,
            "p(50)": 3467.597599,
            "p(90)": 6223.218987,
            "p(95)": 7355.000341
        },
        "http_req_duration": {
            "med": 3510.9780899999996,
            "max": 13500.90949,
            "p(50)": 3510.9780899999996,
            "p(90)": 6267.5895712,
            "p(95)": 7417.571883799988,
            "p(99)": 9190.71005687001,
            "avg": 3951.2684436144427,
            "min": 0.064717
        },
        "iteration_duration": {
            "p(99)": 6221.222698730001,
            "avg": 3615.443508962357,
            "min": 48.039427,
            "med": 3457.646362,
            "max": 7997.940577,
            "p(50)": 3457.646362,
            "p(90)": 4809.1619971,
            "p(95)": 5314.682937049994
        },
        "order_create_errors": {
            "count": 5,
            "rate": 0.021146652869504356
        },
        "vus": {
            "value": 98,
            "min": 7,
            "max": 1500
        },
        "http_req_blocked": {
            "avg": 0.05750466646119187,
            "min": 0.002208,
            "med": 0.007986,
            "max": 39.56958,
            "p(50)": 0.007986,
            "p(90)": 0.011486,
            "p(95)": 0.026837299999999842,
            "p(99)": 0.7731135500000025
        },
        "http_req_waiting": {
            "min": 0,
            "med": 3509.607158,
            "max": 13494.238978,
            "p(50)": 3509.607158,
            "p(90)": 6265.9453654,
            "p(95)": 7414.525363849998,
            "p(99)": 9186.844531390001,
            "avg": 3949.580818122173
        },
        "http_req_receiving": {
            "med": 0.46801899999999996,
            "max": 6080.846091,
            "p(50)": 0.46801899999999996,
            "p(90)": 3.3734154,
            "p(95)": 5.883365849999995,
            "p(99)": 12.782506540000073,
            "avg": 1.6339016316332526,
            "min": -2744.797966
        },
        "http_reqs": {
            "count": 74624,
            "rate": 315.6095647467786
        },
        "product_list_duration": {
            "avg": 3985.3013096219406,
            "min": 0.136455,
            "med": 3535.861744,
            "max": 13500.90949,
            "p(50)": 3535.861744,
            "p(90)": 6294.687364400001,
            "p(95)": 7448.852217700001,
            "p(99)": 9203.84553819999
        },
        "product_list_errors": {
            "count": 51,
            "rate": 0.2156958592689444
        },
        "http_req_tls_handshaking": {
            "p(50)": 0,
            "p(90)": 0,
            "p(95)": 0,
            "p(99)": 0,
            "avg": 0,
            "min": 0,
            "med": 0,
            "max": 0
        },
        "http_req_sending": {
            "p(90)": 0.06040399999999997,
            "p(95)": 0.11776954999999997,
            "p(99)": 0.4820477400000031,
            "avg": 0.053723860688250254,
            "min": 0.005866,
            "med": 0.023823,
            "max": 43.795948,
            "p(50)": 0.023823
        },
        "dropped_iterations": {
            "rate": 446.95565504984404,
            "count": 105680
        },
        "http_req_failed": {
            "passes": 78,
            "fails": 74546,
            "value": 0.0010452401372212693
        },
        "data_received": {
            "count": 121333427,
            "rate": 513159.17244726943
        },
        "iterations": {
            "count": 74624,
            "rate": 315.6095647467786
        }
    }
}