{
    "timestamp_utc":  "2025-09-11T15:23:33.7639168Z",
    "hikari_active":  5,
    "hikari_idle":  15,
    "hikari_pending":  0,
    "hikari_max":  20,
    "jvm_heap_used_mb":  260.07093048095703,
    "jvm_heap_max_mb":  1949.9999980926514,
    "gc_pause_ms_per_s":  4.4607576263149564,
    "gc_pause_events_per_s":  0.66735744015735576,
    "pg_active_connections":  3,
    "pg_avg_query_time_ms":  0,
    "pg_tps":  6.1022270185421359,
    "redis_used_memory_mb":  1.1050949096679688,
    "redis_hit_rate":  0
}
