{
    "root_group": {
        "name": "",
        "path": "",
        "id": "d41d8cd98f00b204e9800998ecf8427e",
        "groups": {},
        "checks": {
                "status 2xx/201": {
                    "name": "status 2xx/201",
                    "path": "::status 2xx/201",
                    "id": "5435608a10ee7ae3a35e97393b7783f1",
                    "passes": 14,
                    "fails": 89177
                },
                "response time < 30s": {
                    "path": "::response time < 30s",
                    "id": "a1afbfadf3be0b08bb378d590ac8a875",
                    "passes": 89191,
                    "fails": 0,
                    "name": "response time < 30s"
                },
                "has order id": {
                    "id": "eaf29dffb3e9ddff3a846729d213593c",
                    "passes": 0,
                    "fails": 89191,
                    "name": "has order id",
                    "path": "::has order id"
                }
            }
    },
    "metrics": {
        "http_req_failed": {
            "passes": 89177,
            "fails": 14,
            "value": 0.9998430334899261
        },
        "dropped_iterations": {
            "count": 3811,
            "rate": 17.57099221342046
        },
        "http_req_tls_handshaking": {
            "max": 0,
            "p(50)": 0,
            "p(90)": 0,
            "p(95)": 0,
            "p(99)": 0,
            "avg": 0,
            "min": 0,
            "med": 0
        },
        "data_sent": {
            "count": 23416556,
            "rate": 107964.34614041567
        },
        "iteration_duration": {
            "max": 6174.191534,
            "p(50)": 33.679096,
            "p(90)": 3262.699643,
            "p(95)": 3784.4896455,
            "p(99)": 4699.175512900001,
            "avg": 735.0594533611904,
            "min": 4.459505,
            "med": 33.679096
        },
        "vus": {
            "value": 11,
            "min": 2,
            "max": 1855
        },
        "data_received": {
            "count": 30621412,
            "rate": 141183.0469210023
        },
        "checks": {
            "fails": 178368,
            "passes": 89205,
            "value": 0.33338565550335797
        },
        "order_create_duration": {
            "max": 6392.160833,
            "p(50)": 19.137081,
            "p(90)": 3303.386736,
            "p(95)": 3985.9754955,
            "p(99)": 4937.753418200001,
            "avg": 743.0692778317671,
            "min": 3.394576,
            "med": 19.137081
        },
        "status_2xx": {
            "rate": 0.06454838388556453,
            "count": 14
        },
        "http_reqs": {
            "count": 89191,
            "rate": 411.2239219383847
        },
        "http_req_duration": {
            "p(90)": 3303.386736,
            "p(95)": 3985.9754955,
            "p(99)": 4937.753418200001,
            "avg": 743.0692778317671,
            "min": 3.394576,
            "med": 19.137081,
            "max": 6392.160833,
            "p(50)": 19.137081
        },
        "http_req_waiting": {
            "p(90)": 3284.509341,
            "p(95)": 3968.1066579999997,
            "p(99)": 4912.724032500009,
            "avg": 733.373526975301,
            "min": 2.89334,
            "med": 16.748758,
            "max": 6350.293547,
            "p(50)": 16.748758
        },
        "http_req_receiving": {
            "p(99)": 112.52375530000064,
            "avg": 9.48830936884897,
            "min": 0.037546,
            "med": 0.576413,
            "max": 646.368253,
            "p(50)": 0.576413,
            "p(90)": 29.17264,
            "p(95)": 48.9314295
        },
        "http_req_connecting": {
            "avg": 1.040501004821112,
            "min": 0,
            "med": 0.335105,
            "max": 568.587247,
            "p(50)": 0.335105,
            "p(90)": 1.93391,
            "p(95)": 3.8281635,
            "p(99)": 11.565785700000033
        },
        "iterations": {
            "count": 89191,
            "rate": 411.2239219383847
        },
        "order_create_errors": {
            "count": 89191,
            "rate": 411.2239219383847
        },
        "vus_max": {
            "value": 2059,
            "min": 366,
            "max": 2059
        },
        "http_req_sending": {
            "avg": 0.20744148763888967,
            "min": 0.016799,
            "med": 0.091924,
            "max": 123.820214,
            "p(50)": 0.091924,
            "p(90)": 0.230987,
            "p(95)": 0.4528565,
            "p(99)": 2.1281100000000017
        },
        "status_4xx": {
            "count": 88523,
            "rate": 408.1440419072735
        },
        "http_req_blocked": {
            "max": 569.647134,
            "p(50)": 0.472816,
            "p(90)": 2.413545,
            "p(95)": 4.5894025,
            "p(99)": 12.915354600000224,
            "avg": 1.2921395889271232,
            "min": 0.006183,
            "med": 0.472816
        },
        "status_5xx": {
            "count": 654,
            "rate": 3.0153316472256573
        },
        "http_req_duration{expected_response:true}": {
            "p(99)": 4734.4008772,
            "avg": 977.6096039285713,
            "min": 41.48716,
            "med": 199.438659,
            "max": 4794.407767,
            "p(50)": 199.438659,
            "p(90)": 3643.1751001000025,
            "p(95)": 4494.373318
        }
    }
}