{
    "root_group": {
        "checks": {
            "OrderDetail status OK": {
                "passes": 12001,
                "fails": 0,
                "name": "OrderDetail status OK",
                "path": "::OrderDetail status OK",
                "id": "f04199cfa4089db30b80c2eea193ae72"
            }
        },
        "name": "",
        "path": "",
        "id": "d41d8cd98f00b204e9800998ecf8427e",
        "groups": {}
    },
    "metrics": {
        "http_req_tls_handshaking": {
            "max": 0,
            "p(50)": 0,
            "p(90)": 0,
            "p(95)": 0,
            "p(99)": 0,
            "avg": 0,
            "min": 0,
            "med": 0
        },
        "http_req_failed": {
            "passes": 0,
            "fails": 12298,
            "value": 0
        },
        "order_detail_duration": {
            "avg": 6.896154080909947,
            "min": 0.503857,
            "med": 5.271723,
            "max": 6140.764117,
            "p(50)": 5.271723,
            "p(90)": 7.887073,
            "p(95)": 9.770401,
            "p(99)": 15.924541
        },
        "http_req_duration": {
            "p(95)": 11.12184935,
            "p(99)": 20.41325195000003,
            "avg": 7.286672703772974,
            "min": 0.503857,
            "med": 5.3063705,
            "max": 6140.764117,
            "p(50)": 5.3063705,
            "p(90)": 8.5119821
        },
        "http_req_blocked": {
            "min": 0.004326,
            "med": 0.007487,
            "max": 32.105849,
            "p(50)": 0.007487,
            "p(90)": 0.010927,
            "p(95)": 0.01601745,
            "p(99)": 0.3364705800000003,
            "avg": 0.019992090421206678
        },
        "http_req_receiving": {
            "min": 0.055593,
            "med": 0.4181945,
            "max": 15.430159,
            "p(50)": 0.4181945,
            "p(90)": 0.7553769,
            "p(95)": 0.9812940499999997,
            "p(99)": 1.859746300000016,
            "avg": 0.5080712114978044
        },
        "iteration_duration": {
            "p(95)": 104.2561574,
            "p(99)": 1015.5037094500001,
            "avg": 80.14243446747419,
            "min": 4.336435,
            "med": 58.023157,
            "max": 1507.291189,
            "p(50)": 58.023157,
            "p(90)": 98.87128630000001
        },
        "http_req_duration{expected_response:true}": {
            "avg": 7.286672703772974,
            "min": 0.503857,
            "med": 5.3063705,
            "max": 6140.764117,
            "p(50)": 5.3063705,
            "p(90)": 8.5119821,
            "p(95)": 11.12184935,
            "p(99)": 20.41325195000003
        },
        "http_req_waiting": {
            "avg": 6.72918683298098,
            "min": 0,
            "med": 4.814949,
            "max": 6140.387595,
            "p(50)": 4.814949,
            "p(90)": 7.704488000000002,
            "p(95)": 9.9880712,
            "p(99)": 18.686940100000005
        },
        "status_200": {
            "count": 12001,
            "rate": 71.97368025184686
        },
        "vus": {
            "value": 5,
            "min": 3,
            "max": 11
        },
        "checks": {
            "passes": 12001,
            "fails": 0,
            "value": 1
        },
        "http_reqs": {
            "count": 12298,
            "rate": 73.754880404734
        },
        "vus_max": {
            "min": 60,
            "max": 63,
            "value": 63
        },
        "iterations": {
            "count": 12298,
            "rate": 73.754880404734
        },
        "data_sent": {
            "count": 1067675,
            "rate": 6403.17465735277
        },
        "http_req_sending": {
            "avg": 0.049414659294194245,
            "min": 0.012212,
            "med": 0.044361,
            "max": 5.337393,
            "p(50)": 0.044361,
            "p(90)": 0.0639836,
            "p(95)": 0.07629595,
            "p(99)": 0.12356062000000004
        },
        "http_req_connecting": {
            "max": 32.005817,
            "p(50)": 0,
            "p(90)": 0,
            "p(95)": 0,
            "p(99)": 0.24366045000000008,
            "avg": 0.00955690909090909,
            "min": 0,
            "med": 0
        },
        "dropped_iterations": {
            "rate": 0.017991920736233694,
            "count": 3
        },
        "data_received": {
            "rate": 43343.52660922746,
            "count": 7227165
        }
    }
}