{
    "metrics": {
        "data_sent": {
            "count": 1067245,
            "rate": 6400.151514924158
        },
        "iteration_duration": {
            "min": 3.751247,
            "med": 58.103837,
            "max": 2431.144765,
            "p(50)": 58.103837,
            "p(90)": 99.56937520000001,
            "p(95)": 104.730058,
            "p(99)": 1017.8945052,
            "avg": 81.25221374782377
        },
        "data_received": {
            "count": 7224828,
            "rate": 43326.50316400309
        },
        "iterations": {
            "rate": 73.7197762209827,
            "count": 12293
        },
        "http_req_waiting": {
            "max": 6164.910566,
            "p(50)": 4.835561,
            "p(90)": 8.872359600000012,
            "p(95)": 12.523515399999999,
            "p(99)": 34.654086759999984,
            "avg": 7.564329237858909,
            "min": 0,
            "med": 4.835561
        },
        "checks": {
            "fails": 0,
            "passes": 12000,
            "value": 1
        },
        "vus_max": {
            "value": 68,
            "min": 60,
            "max": 68
        },
        "http_req_failed": {
            "passes": 0,
            "fails": 12293,
            "value": 0
        },
        "http_reqs": {
            "count": 12293,
            "rate": 73.7197762209827
        },
        "order_detail_duration": {
            "p(95)": 12.211587349999999,
            "p(99)": 28.54971130000001,
            "avg": 7.395859872166591,
            "min": 0.366114,
            "med": 5.3029530000000005,
            "max": 6165.484639,
            "p(50)": 5.3029530000000005,
            "p(90)": 8.975134400000002
        },
        "http_req_tls_handshaking": {
            "p(99)": 0,
            "avg": 0,
            "min": 0,
            "med": 0,
            "max": 0,
            "p(50)": 0,
            "p(90)": 0,
            "p(95)": 0
        },
        "http_req_duration{expected_response:true}": {
            "max": 6165.484639,
            "p(50)": 5.352542,
            "p(90)": 9.917989400000005,
            "p(95)": 13.943890399999995,
            "p(99)": 38.12172027999995,
            "avg": 8.714429897827934,
            "min": 0.366114,
            "med": 5.352542
        },
        "http_req_connecting": {
            "p(50)": 0,
            "p(90)": 0,
            "p(95)": 0,
            "p(99)": 0.26562891999999994,
            "avg": 0.008818746197022703,
            "min": 0,
            "med": 0,
            "max": 28.045022
        },
        "status_200": {
            "count": 12000,
            "rate": 71.96268727339073
        },
        "http_req_duration": {
            "p(90)": 9.917989400000005,
            "p(95)": 13.943890399999995,
            "p(99)": 38.12172027999995,
            "avg": 8.714429897827934,
            "min": 0.366114,
            "med": 5.352542,
            "max": 6165.484639,
            "p(50)": 5.352542
        },
        "http_req_sending": {
            "max": 20.972573,
            "p(50)": 0.044367,
            "p(90)": 0.0673434,
            "p(95)": 0.0814686,
            "p(99)": 0.14297319999999997,
            "avg": 0.05302998438135493,
            "min": 0.008551,
            "med": 0.044367
        },
        "http_req_receiving": {
            "p(95)": 1.1497607999999997,
            "p(99)": 3.3477629999999983,
            "avg": 1.0970706755877295,
            "min": 0.032177,
            "med": 0.436787,
            "max": 6139.934907,
            "p(50)": 0.436787,
            "p(90)": 0.8552804000000002
        },
        "vus": {
            "value": 5,
            "min": 3,
            "max": 15
        },
        "http_req_blocked": {
            "med": 0.007506,
            "max": 28.156317,
            "p(50)": 0.007506,
            "p(90)": 0.010940400000000003,
            "p(95)": 0.016046399999999992,
            "p(99)": 0.3804721199999998,
            "avg": 0.019976826649312666,
            "min": 0.00359
        },
        "dropped_iterations": {
            "rate": 0.04797512484892715,
            "count": 8
        }
    },
    "root_group": {
        "name": "",
        "path": "",
        "id": "d41d8cd98f00b204e9800998ecf8427e",
        "groups": {},
        "checks": {
                "OrderDetail status OK": {
                    "name": "OrderDetail status OK",
                    "path": "::OrderDetail status OK",
                    "id": "f04199cfa4089db30b80c2eea193ae72",
                    "passes": 12000,
                    "fails": 0
                }
            }
    }
}