api,p50_ms,p95_ms,p99_ms,errors,200,404,4xx_else,5xx,other
order_detail,5.3029530000000005,12.211587349999999,28.54971130000001,0,12000,0,0,0,0