api,p50_ms,p95_ms,p99_ms,errors,200,404,4xx_else,5xx,other
order_detail,5.271723,9.770401,15.924541,0,12001,0,0,0,0