api,p50_ms,p95_ms,p99_ms,errors,200,404,4xx_else,5xx,other
order_detail,5.801615,17.190363,38.741869,0,12001,0,0,0,0