{
    "metrics": {
        "http_req_blocked": {
            "max": 27.863044,
            "p(50)": 0.008183,
            "p(90)": 0.011638600000000002,
            "p(95)": 0.016173099999999923,
            "p(99)": 0.36012202000000065,
            "avg": 0.021870509228392454,
            "min": 0.004345,
            "med": 0.008183
        },
        "http_req_duration{expected_response:true}": {
            "p(95)": 19.583521099999995,
            "p(99)": 43.65432956000006,
            "avg": 10.186313169932514,
            "min": 0.537773,
            "med": 5.853082,
            "max": 6158.868265,
            "p(50)": 5.853082,
            "p(90)": 13.259972200000002
        },
        "dropped_iterations": {
            "rate": 0.017992966923159576,
            "count": 3
        },
        "http_req_duration": {
            "p(90)": 13.259972200000002,
            "p(95)": 19.583521099999995,
            "p(99)": 43.65432956000006,
            "avg": 10.186313169932514,
            "min": 0.537773,
            "med": 5.853082,
            "max": 6158.868265,
            "p(50)": 5.853082
        },
        "http_req_receiving": {
            "p(95)": 1.494709099999986,
            "p(99)": 5.265509580000011,
            "avg": 0.6926022262785595,
            "min": 0.029267,
            "med": 0.463007,
            "max": 80.26352,
            "p(50)": 0.463007,
            "p(90)": 0.9905958000000004
        },
        "vus": {
            "value": 5,
            "min": 2,
            "max": 11
        },
        "http_req_waiting": {
            "med": 5.312132,
            "max": 6157.766763,
            "p(50)": 5.312132,
            "p(90)": 11.999080800000007,
            "p(95)": 17.847561799999994,
            "p(99)": 39.76474024000005,
            "avg": 9.442218573786489,
            "min": 0
        },
        "checks": {
            "passes": 12001,
            "fails": 0,
            "value": 1
        },
        "http_req_sending": {
            "avg": 0.05149236986746916,
            "min": 0.011904,
            "med": 0.046237,
            "max": 10.337859,
            "p(50)": 0.046237,
            "p(90)": 0.0669026,
            "p(95)": 0.07999259999999997,
            "p(99)": 0.14690396000000006
        },
        "data_received": {
            "count": 7228050,
            "rate": 43351.35485631452
        },
        "order_detail_duration": {
            "p(99)": 38.741869,
            "avg": 9.214247815515348,
            "min": 0.537773,
            "med": 5.801615,
            "max": 6143.673233,
            "p(50)": 5.801615,
            "p(90)": 11.687766,
            "p(95)": 17.190363
        },
        "http_req_failed": {
            "passes": 0,
            "fails": 12299,
            "value": 0
        },
        "iteration_duration": {
            "max": 1573.394955,
            "p(50)": 59.93195,
            "p(90)": 100.51707080000001,
            "p(95)": 106.62341249999999,
            "p(99)": 1020.32948506,
            "avg": 82.17802883112418,
            "min": 4.960703,
            "med": 59.93195
        },
        "vus_max": {
            "value": 63,
            "min": 60,
            "max": 63
        },
        "status_200": {
            "count": 12001,
            "rate": 71.97786534827935
        },
        "http_reqs": {
            "count": 12299,
            "rate": 73.76516672931321
        },
        "data_sent": {
            "count": 1067851,
            "rate": 6404.602573954292
        },
        "http_req_connecting": {
            "med": 0,
            "max": 27.740998,
            "p(50)": 0,
            "p(90)": 0,
            "p(95)": 0,
            "p(99)": 0.2535964000000003,
            "avg": 0.010380687535571998,
            "min": 0
        },
        "iterations": {
            "count": 12299,
            "rate": 73.76516672931321
        },
        "http_req_tls_handshaking": {
            "min": 0,
            "med": 0,
            "max": 0,
            "p(50)": 0,
            "p(90)": 0,
            "p(95)": 0,
            "p(99)": 0,
            "avg": 0
        }
    },
    "root_group": {
        "id": "d41d8cd98f00b204e9800998ecf8427e",
        "groups": {},
        "checks": {
                "OrderDetail status OK": {
                    "fails": 0,
                    "name": "OrderDetail status OK",
                    "path": "::OrderDetail status OK",
                    "id": "f04199cfa4089db30b80c2eea193ae72",
                    "passes": 12001
                }
            },
        "name": "",
        "path": ""
    }
}