api,p50_ms,p95_ms,p99_ms,errors,200,404,4xx_else,5xx,other
order_detail,5.305783,10.603264,21.74948,0,12001,0,0,0,0