{
    "root_group": {
        "checks": {
            "OrderDetail status OK": {
                "name": "OrderDetail status OK",
                "path": "::OrderDetail status OK",
                "id": "f04199cfa4089db30b80c2eea193ae72",
                "passes": 12001,
                "fails": 0
            }
        },
        "name": "",
        "path": "",
        "id": "d41d8cd98f00b204e9800998ecf8427e",
        "groups": {}
    },
    "metrics": {
        "http_req_blocked": {
            "p(99)": 0.35684090000000057,
            "avg": 0.024609005528904774,
            "min": 0.00378,
            "med": 0.007493,
            "max": 67.241067,
            "p(50)": 0.007493,
            "p(90)": 0.011247400000000006,
            "p(95)": 0.016800599999999992
        },
        "iterations": {
            "count": 12299,
            "rate": 73.76579980536022
        },
        "dropped_iterations": {
            "rate": 0.01799312134450611,
            "count": 3
        },
        "data_sent": {
            "count": 1067856,
            "rate": 6404.687528819639
        },
        "http_req_duration{expected_response:true}": {
            "p(99)": 24.317761880000088,
            "avg": 7.548366480364222,
            "min": -2703.445751,
            "med": 5.343791,
            "max": 6050.9377,
            "p(50)": 5.343791,
            "p(90)": 9.007948800000001,
            "p(95)": 11.806291699999981
        },
        "http_req_tls_handshaking": {
            "p(95)": 0,
            "p(99)": 0,
            "avg": 0,
            "min": 0,
            "med": 0,
            "max": 0,
            "p(50)": 0,
            "p(90)": 0
        },
        "status_200": {
            "count": 12001,
            "rate": 71.97848308513927
        },
        "checks": {
            "passes": 12001,
            "fails": 0,
            "value": 1
        },
        "http_req_receiving": {
            "p(90)": 0.7285296000000001,
            "p(95)": 0.9636793999999985,
            "p(99)": 2.2412404000000192,
            "avg": 0.09963242783966172,
            "min": -2709.782231,
            "med": 0.428035,
            "max": 38.279902,
            "p(50)": 0.428035
        },
        "http_req_failed": {
            "passes": 0,
            "fails": 12299,
            "value": 0
        },
        "vus": {
            "value": 7,
            "min": 2,
            "max": 12
        },
        "data_received": {
            "count": 7228776,
            "rate": 43356.081246751164
        },
        "http_req_waiting": {
            "max": 6050.243305,
            "p(50)": 4.833427,
            "p(90)": 8.111997400000003,
            "p(95)": 10.663621999999997,
            "p(99)": 22.243969580000066,
            "avg": 7.398188681274882,
            "min": 0,
            "med": 4.833427
        },
        "vus_max": {
            "value": 63,
            "min": 60,
            "max": 63
        },
        "iteration_duration": {
            "med": 58.682082,
            "max": 1547.239538,
            "p(50)": 58.682082,
            "p(90)": 99.4144664,
            "p(95)": 104.4635485,
            "p(99)": 1014.27417016,
            "avg": 80.71676700593515,
            "min": 4.642582
        },
        "order_detail_duration": {
            "p(90)": 8.305454,
            "p(95)": 10.603264,
            "p(99)": 21.74948,
            "avg": 7.441540938755088,
            "min": -2703.445751,
            "med": 5.305783,
            "max": 6050.9377,
            "p(50)": 5.305783
        },
        "http_reqs": {
            "count": 12299,
            "rate": 73.76579980536022
        },
        "http_req_connecting": {
            "p(95)": 0,
            "p(99)": 0.24333132000000068,
            "avg": 0.006894527034718269,
            "min": 0,
            "med": 0,
            "max": 21.643218,
            "p(50)": 0,
            "p(90)": 0
        },
        "http_req_duration": {
            "min": -2703.445751,
            "med": 5.343791,
            "max": 6050.9377,
            "p(50)": 5.343791,
            "p(90)": 9.007948800000001,
            "p(95)": 11.806291699999981,
            "p(99)": 24.317761880000088,
            "avg": 7.548366480364222
        },
        "http_req_sending": {
            "p(99)": 0.14074170000000014,
            "avg": 0.050545371249694944,
            "min": 0.010122,
            "med": 0.044232,
            "max": 7.02016,
            "p(50)": 0.044232,
            "p(90)": 0.06615860000000001,
            "p(95)": 0.07864209999999999
        }
    }
}