{
    "root_group": {
        "id": "d41d8cd98f00b204e9800998ecf8427e",
        "groups": {},
        "checks": {
                "OrderDetail status OK": {
                    "fails": 0,
                    "name": "OrderDetail status OK",
                    "path": "::OrderDetail status OK",
                    "id": "f04199cfa4089db30b80c2eea193ae72",
                    "passes": 12001
                }
            },
        "name": "",
        "path": ""
    },
    "metrics": {
        "http_req_failed": {
            "passes": 0,
            "fails": 12299,
            "value": 0
        },
        "status_200": {
            "count": 12001,
            "rate": 71.9737952413978
        },
        "data_received": {
            "count": 7228215,
            "rate": 43349.89303981336
        },
        "checks": {
            "passes": 12001,
            "fails": 0,
            "value": 1
        },
        "http_reqs": {
            "count": 12299,
            "rate": 73.76099555653292
        },
        "http_req_waiting": {
            "p(99)": 17.68973426000005,
            "avg": 7.052889864867117,
            "min": 0,
            "med": 4.801635,
            "max": 6062.330496,
            "p(50)": 4.801635,
            "p(90)": 7.577544400000004,
            "p(95)": 10.123026799999987
        },
        "http_req_duration": {
            "p(95)": 11.229534099999999,
            "p(99)": 19.039951000000013,
            "avg": 7.388981582974215,
            "min": -2705.14898,
            "med": 5.304143,
            "max": 6062.950717,
            "p(50)": 5.304143,
            "p(90)": 8.444014600000001
        },
        "http_req_receiving": {
            "p(50)": 0.431682,
            "p(90)": 0.7277092000000003,
            "p(95)": 0.9567921999999999,
            "p(99)": 1.7642927400000015,
            "avg": 0.28798398812911497,
            "min": -2713.003395,
            "med": 0.431682,
            "max": 22.959458
        },
        "vus": {
            "value": 4,
            "min": 3,
            "max": 11
        },
        "data_sent": {
            "count": 1067777,
            "rate": 6403.796613738356
        },
        "http_req_sending": {
            "med": 0.043861,
            "max": 1.886551,
            "p(50)": 0.043861,
            "p(90)": 0.0642594,
            "p(95)": 0.07729019999999998,
            "p(99)": 0.12674920000000003,
            "avg": 0.04810772997804715,
            "min": 0.010831
        },
        "vus_max": {
            "value": 63,
            "min": 60,
            "max": 63
        },
        "http_req_duration{expected_response:true}": {
            "p(90)": 8.444014600000001,
            "p(95)": 11.229534099999999,
            "p(99)": 19.039951000000013,
            "avg": 7.388981582974215,
            "min": -2705.14898,
            "med": 5.304143,
            "max": 6062.950717,
            "p(50)": 5.304143
        },
        "iteration_duration": {
            "p(90)": 98.9007074,
            "p(95)": 103.84987989999999,
            "p(99)": 1014.47767302,
            "avg": 80.28423525855752,
            "min": 4.443671,
            "med": 58.225815,
            "max": 1466.745972,
            "p(50)": 58.225815
        },
        "order_detail_duration": {
            "p(99)": 16.902822,
            "avg": 7.0686027986834326,
            "min": -2705.14898,
            "med": 5.254475,
            "max": 6062.950717,
            "p(50)": 5.254475,
            "p(90)": 7.787706,
            "p(95)": 10.031413
        },
        "http_req_tls_handshaking": {
            "p(99)": 0,
            "avg": 0,
            "min": 0,
            "med": 0,
            "max": 0,
            "p(50)": 0,
            "p(90)": 0,
            "p(95)": 0
        },
        "http_req_blocked": {
            "avg": 0.01789177404667056,
            "min": 0.003795,
            "med": 0.007392,
            "max": 27.376999,
            "p(50)": 0.007392,
            "p(90)": 0.010619600000000002,
            "p(95)": 0.01504169999999986,
            "p(99)": 0.3426890200000004
        },
        "iterations": {
            "count": 12299,
            "rate": 73.76099555653292
        },
        "dropped_iterations": {
            "rate": 0.017991949481226014,
            "count": 3
        },
        "http_req_connecting": {
            "p(50)": 0,
            "p(90)": 0,
            "p(95)": 0,
            "p(99)": 0.23762788000000007,
            "avg": 0.007841364745101227,
            "min": 0,
            "med": 0,
            "max": 27.26715
        }
    }
}