{
    "root_group": {
        "id": "d41d8cd98f00b204e9800998ecf8427e",
        "groups": {},
        "checks": {
                "OrderDetail status OK": {
                    "name": "OrderDetail status OK",
                    "path": "::OrderDetail status OK",
                    "id": "f04199cfa4089db30b80c2eea193ae72",
                    "passes": 12001,
                    "fails": 0
                }
            },
        "name": "",
        "path": ""
    },
    "metrics": {
        "data_sent": {
            "count": 1067783,
            "rate": 6402.537360075966
        },
        "http_req_blocked": {
            "avg": 0.02104962956337916,
            "min": 0.004241,
            "med": 0.007366,
            "max": 33.923064,
            "p(50)": 0.007366,
            "p(90)": 0.011010600000000002,
            "p(95)": 0.01592649999999992,
            "p(99)": 0.37971750000000076
        },
        "dropped_iterations": {
            "count": 3,
            "rate": 0.01798831043407499
        },
        "http_req_receiving": {
            "med": 0.425714,
            "max": 6041.221869,
            "p(50)": 0.425714,
            "p(90)": 0.7599014000000003,
            "p(95)": 1.0610545999999996,
            "p(99)": 2.4266403600000124,
            "avg": 1.111866517115219,
            "min": 0.053375
        },
        "order_detail_duration": {
            "p(50)": 5.160145,
            "p(90)": 8.144499,
            "p(95)": 10.136795,
            "p(99)": 25.221264,
            "avg": 8.044022697608533,
            "min": 0.484237,
            "med": 5.160145,
            "max": 6046.906905
        },
        "vus": {
            "value": 6,
            "min": 2,
            "max": 25
        },
        "iteration_duration": {
            "p(95)": 104.46720269999999,
            "p(99)": 1019.7947438400001,
            "avg": 81.9816754359701,
            "min": 4.376138,
            "med": 59.449453,
            "max": 1568.46412,
            "p(50)": 59.449453,
            "p(90)": 99.5412926
        },
        "status_200": {
            "rate": 71.959237839778,
            "count": 12001
        },
        "http_req_duration": {
            "min": 0.484237,
            "med": 5.202917,
            "max": 6046.906905,
            "p(50)": 5.202917,
            "p(90)": 8.7598304,
            "p(95)": 12.509181999999983,
            "p(99)": 34.6086751200001,
            "avg": 8.500176837954298
        },
        "http_req_sending": {
            "p(99)": 0.14632282000000044,
            "avg": 0.05147066558256767,
            "min": 0.010981,
            "med": 0.043816,
            "max": 11.037085,
            "p(50)": 0.043816,
            "p(90)": 0.06621740000000001,
            "p(95)": 0.08213459999999996
        },
        "http_reqs": {
            "count": 12299,
            "rate": 73.74607667622944
        },
        "http_req_duration{expected_response:true}": {
            "max": 6046.906905,
            "p(50)": 5.202917,
            "p(90)": 8.7598304,
            "p(95)": 12.509181999999983,
            "p(99)": 34.6086751200001,
            "avg": 8.500176837954298,
            "min": 0.484237,
            "med": 5.202917
        },
        "checks": {
            "passes": 12001,
            "fails": 0,
            "value": 1
        },
        "http_req_connecting": {
            "p(99)": 0.2626295600000005,
            "avg": 0.007371255549231648,
            "min": 0,
            "med": 0,
            "max": 21.764443,
            "p(50)": 0,
            "p(90)": 0,
            "p(95)": 0
        },
        "http_req_waiting": {
            "med": 4.719173,
            "max": 6044.841973,
            "p(50)": 4.719173,
            "p(90)": 7.918497200000003,
            "p(95)": 11.174822899999977,
            "p(99)": 31.52468024000007,
            "avg": 7.336839655256508,
            "min": 0
        },
        "data_received": {
            "count": 7228048,
            "rate": 43340.12375213162
        },
        "http_req_tls_handshaking": {
            "med": 0,
            "max": 0,
            "p(50)": 0,
            "p(90)": 0,
            "p(95)": 0,
            "p(99)": 0,
            "avg": 0,
            "min": 0
        },
        "http_req_failed": {
            "passes": 0,
            "fails": 12299,
            "value": 0
        },
        "vus_max": {
            "value": 63,
            "min": 60,
            "max": 63
        },
        "iterations": {
            "count": 12299,
            "rate": 73.74607667622944
        }
    }
}