api,p50_ms,p95_ms,p99_ms,errors,200,404,4xx_else,5xx,other
order_detail,5.160145,10.136795,25.221264,0,12001,0,0,0,0