{
    "root_group": {
        "groups": {},
        "checks": {
                "ProductList status OK": {
                    "name": "ProductList status OK",
                    "path": "::ProductList status OK",
                    "id": "49a8c37c84fe4253663374d899e6abed",
                    "passes": 7201,
                    "fails": 0
                },
                "OrderDetail status OK": {
                    "path": "::OrderDetail status OK",
                    "id": "f04199cfa4089db30b80c2eea193ae72",
                    "passes": 3601,
                    "fails": 0,
                    "name": "OrderDetail status OK"
                },
                "OrderCreate status OK": {
                    "name": "OrderCreate status OK",
                    "path": "::OrderCreate status OK",
                    "id": "5ea11454c2d174e1b038df887ad792ed",
                    "passes": 1199,
                    "fails": 0
                }
            },
        "name": "",
        "path": "",
        "id": "d41d8cd98f00b204e9800998ecf8427e"
    },
    "metrics": {
        "http_req_duration": {
            "max": 5893.681706,
            "p(50)": 10.391662,
            "p(90)": 16.1181914,
            "p(95)": 19.09823499999995,
            "p(99)": 47.091906400000184,
            "avg": 13.765974788844526,
            "min": 0.527298,
            "med": 10.391662
        },
        "http_req_sending": {
            "min": 0.006044,
            "med": 0.038563,
            "max": 3.863527,
            "p(50)": 0.038563,
            "p(90)": 0.05945060000000002,
            "p(95)": 0.07485859999999998,
            "p(99)": 0.13144178000000015,
            "avg": 0.04061757029026739
        },
        "http_req_blocked": {
            "min": 0.001766,
            "med": 0.006889,
            "max": 26.320368,
            "p(50)": 0.006889,
            "p(90)": 0.010064600000000002,
            "p(95)": 0.014290099999999998,
            "p(99)": 0.33281584000000014,
            "avg": 0.020989387267257485
        },
        "http_req_tls_handshaking": {
            "min": 0,
            "med": 0,
            "max": 0,
            "p(50)": 0,
            "p(90)": 0,
            "p(95)": 0,
            "p(99)": 0,
            "avg": 0
        },
        "http_req_duration{expected_response:true}": {
            "min": 0.527298,
            "med": 10.391662,
            "max": 5893.681706,
            "p(50)": 10.391662,
            "p(90)": 16.1181914,
            "p(95)": 19.09823499999995,
            "p(99)": 47.091906400000184,
            "avg": 13.765974788844526
        },
        "data_received": {
            "count": 19783225,
            "rate": 118628.2337414183
        },
        "iterations": {
            "count": 12299,
            "rate": 73.74978785237006
        },
        "vus_max": {
            "value": 64,
            "min": 60,
            "max": 64
        },
        "dropped_iterations": {
            "count": 4,
            "rate": 0.02398562089677862
        },
        "order_detail_duration": {
            "p(90)": 8.154362,
            "p(95)": 10.944056,
            "p(99)": 39.837725,
            "avg": 8.331084549291871,
            "min": 3.476857,
            "med": 5.346801,
            "max": 5862.485086,
            "p(50)": 5.346801
        },
        "order_create_duration": {
            "min": 8.891143,
            "med": 12.673745,
            "max": 5873.240715,
            "p(50)": 12.673745,
            "p(90)": 19.9085064,
            "p(95)": 25.374772899999904,
            "p(99)": 65.71276283999984,
            "avg": 20.863900424520466
        },
        "http_req_failed": {
            "passes": 0,
            "fails": 12299,
            "value": 0
        },
        "vus": {
            "min": 4,
            "max": 11,
            "value": 7
        },
        "product_list_duration": {
            "max": 5893.681706,
            "p(50)": 11.119009,
            "p(90)": 15.899782,
            "p(95)": 18.638562,
            "p(99)": 43.945286,
            "avg": 14.854976369809725,
            "min": 0.527298,
            "med": 11.119009
        },
        "iteration_duration": {
            "p(95)": 164.26045349999941,
            "p(99)": 1019.1202072,
            "avg": 89.83997044019848,
            "min": 5.509708,
            "med": 65.010051,
            "max": 1512.440352,
            "p(50)": 65.010051,
            "p(90)": 109.33223100000001
        },
        "http_reqs": {
            "count": 12299,
            "rate": 73.74978785237006
        },
        "http_req_waiting": {
            "p(90)": 15.3983982,
            "p(95)": 18.3173204,
            "p(99)": 44.18512792000002,
            "avg": 13.225113511586393,
            "min": 0,
            "med": 9.9634,
            "max": 5892.986447,
            "p(50)": 9.9634
        },
        "http_req_receiving": {
            "p(50)": 0.404024,
            "p(90)": 0.6976548000000004,
            "p(95)": 0.9434649999999988,
            "p(99)": 1.929302300000001,
            "avg": 0.5002437069680457,
            "min": 0.039046,
            "med": 0.404024,
            "max": 19.153837
        },
        "checks": {
            "passes": 12001,
            "fails": 0,
            "value": 1
        },
        "http_req_connecting": {
            "min": 0,
            "med": 0,
            "max": 26.244398,
            "p(50)": 0,
            "p(90)": 0,
            "p(95)": 0,
            "p(99)": 0.2420898600000005,
            "avg": 0.010328935523213274
        },
        "data_sent": {
            "count": 1240191,
            "rate": 7436.687791399193
        }
    }
}