api,p50_ms,p95_ms,p99_ms,errors
product_list,10.954815,17.725525,25.724257,0
order_detail,5.198564,9.876237,18.004422,0
order_create,13.021684,24.18531319999999,38.94059491999999,0