api,p50_ms,p95_ms,p99_ms,errors
product_list,11.119009,18.638562,43.945286,0
order_detail,5.346801,10.944056,39.837725,0
order_create,12.673745,25.374772899999904,65.71276283999984,0