{
    "metrics": {
        "vus_max": {
            "value": 63,
            "min": 60,
            "max": 63
        },
        "checks": {
            "passes": 12002,
            "fails": 0,
            "value": 1
        },
        "order_create_duration": {
            "p(50)": 13.374386,
            "p(90)": 20.040161,
            "p(95)": 24.905643,
            "p(99)": 42.23304,
            "avg": 20.075559251457115,
            "min": 8.84781,
            "med": 13.374386,
            "max": 5866.099207
        },
        "http_req_sending": {
            "avg": 0.03951477105691047,
            "min": 0.006356,
            "med": 0.037964,
            "max": 5.479996,
            "p(50)": 0.037964,
            "p(90)": 0.058199400000000005,
            "p(95)": 0.07162449999999995,
            "p(99)": 0.11981417000000019
        },
        "http_req_waiting": {
            "p(99)": 28.43092299000001,
            "avg": 12.374393116341423,
            "min": 0,
            "med": 9.993222,
            "max": 5870.787721,
            "p(50)": 9.993222,
            "p(90)": 15.363811000000002,
            "p(95)": 17.99397109999999
        },
        "vus": {
            "max": 10,
            "value": 7,
            "min": 4
        },
        "http_req_duration": {
            "max": 5871.19725,
            "p(50)": 10.4104875,
            "p(90)": 16.0721727,
            "p(95)": 18.909310899999994,
            "p(99)": 29.898373230000008,
            "avg": 12.890757580569142,
            "min": 0.390031,
            "med": 10.4104875
        },
        "http_req_blocked": {
            "min": 0.001939,
            "med": 0.006856,
            "max": 13.196389,
            "p(50)": 0.006856,
            "p(90)": 0.0099304,
            "p(95)": 0.013596749999999989,
            "p(99)": 0.30832004,
            "avg": 0.015506733170731602
        },
        "dropped_iterations": {
            "count": 3,
            "rate": 0.017992563282473013
        },
        "order_detail_duration": {
            "p(99)": 20.431870089999997,
            "avg": 6.2052405600000045,
            "min": 3.33107,
            "med": 5.4044795,
            "max": 122.897171,
            "p(50)": 5.4044795,
            "p(90)": 8.2231775,
            "p(95)": 10.19615189999999
        },
        "data_received": {
            "count": 19655608,
            "rate": 117884.92359849428
        },
        "http_reqs": {
            "rate": 73.76950945813935,
            "count": 12300
        },
        "http_req_duration{expected_response:true}": {
            "max": 5871.19725,
            "p(50)": 10.4104875,
            "p(90)": 16.0721727,
            "p(95)": 18.909310899999994,
            "p(99)": 29.898373230000008,
            "avg": 12.890757580569142,
            "min": 0.390031,
            "med": 10.4104875
        },
        "http_req_failed": {
            "fails": 12300,
            "passes": 0,
            "value": 0
        },
        "product_list_duration": {
            "avg": 14.44752818178028,
            "min": 0.390031,
            "med": 11.137205,
            "max": 5871.19725,
            "p(50)": 11.137205,
            "p(90)": 15.60389,
            "p(95)": 17.906545,
            "p(99)": 27.987903
        },
        "http_req_receiving": {
            "avg": 0.47684969317073056,
            "min": 0.056747,
            "med": 0.4092905,
            "max": 13.535293,
            "p(50)": 0.4092905,
            "p(90)": 0.6890904000000001,
            "p(95)": 0.8977914999999992,
            "p(99)": 1.6463126100000005
        },
        "iteration_duration": {
            "med": 65.62255049999999,
            "max": 1591.248435,
            "p(50)": 65.62255049999999,
            "p(90)": 109.3987657,
            "p(95)": 165.0852443999999,
            "p(99)": 1019.89101658,
            "avg": 90.2824864404877,
            "min": 4.551551
        },
        "iterations": {
            "count": 12300,
            "rate": 73.76950945813935
        },
        "data_sent": {
            "count": 1240356,
            "rate": 7439.061274265033
        },
        "http_req_tls_handshaking": {
            "avg": 0,
            "min": 0,
            "med": 0,
            "max": 0,
            "p(50)": 0,
            "p(90)": 0,
            "p(95)": 0,
            "p(99)": 0
        },
        "http_req_connecting": {
            "p(90)": 0,
            "p(95)": 0,
            "p(99)": 0.22061625000000004,
            "avg": 0.0059419511382113824,
            "min": 0,
            "med": 0,
            "max": 13.120723,
            "p(50)": 0
        }
    },
    "root_group": {
        "name": "",
        "path": "",
        "id": "d41d8cd98f00b204e9800998ecf8427e",
        "groups": {},
        "checks": {
                "ProductList status OK": {
                    "fails": 0,
                    "name": "ProductList status OK",
                    "path": "::ProductList status OK",
                    "id": "49a8c37c84fe4253663374d899e6abed",
                    "passes": 7201
                },
                "OrderDetail status OK": {
                    "name": "OrderDetail status OK",
                    "path": "::OrderDetail status OK",
                    "id": "f04199cfa4089db30b80c2eea193ae72",
                    "passes": 3600,
                    "fails": 0
                },
                "OrderCreate status OK": {
                    "name": "OrderCreate status OK",
                    "path": "::OrderCreate status OK",
                    "id": "5ea11454c2d174e1b038df887ad792ed",
                    "passes": 1201,
                    "fails": 0
                }
            }
    }
}