{
    "root_group": {
        "name": "",
        "path": "",
        "id": "d41d8cd98f00b204e9800998ecf8427e",
        "groups": {},
        "checks": {
                "ProductList status OK": {
                    "passes": 7201,
                    "fails": 0,
                    "name": "ProductList status OK",
                    "path": "::ProductList status OK",
                    "id": "49a8c37c84fe4253663374d899e6abed"
                },
                "OrderDetail status OK": {
                    "name": "OrderDetail status OK",
                    "path": "::OrderDetail status OK",
                    "id": "f04199cfa4089db30b80c2eea193ae72",
                    "passes": 3601,
                    "fails": 0
                },
                "OrderCreate status OK": {
                    "fails": 0,
                    "name": "OrderCreate status OK",
                    "path": "::OrderCreate status OK",
                    "id": "5ea11454c2d174e1b038df887ad792ed",
                    "passes": 1200
                }
            }
    },
    "metrics": {
        "product_list_duration": {
            "min": -2497.789251,
            "med": 10.954815,
            "max": 5866.348321,
            "p(50)": 10.954815,
            "p(90)": 15.457916,
            "p(95)": 17.725525,
            "p(99)": 25.724257,
            "avg": 13.079959789751504
        },
        "http_req_failed": {
            "passes": 0,
            "fails": 12299,
            "value": 0
        },
        "order_detail_duration": {
            "p(99)": 18.004422,
            "avg": 7.510434475145808,
            "min": 3.457005,
            "med": 5.198564,
            "max": 5851.939731,
            "p(50)": 5.198564,
            "p(90)": 7.855852,
            "p(95)": 9.876237
        },
        "http_req_duration": {
            "med": 10.233721,
            "max": 5866.348321,
            "p(50)": 10.233721,
            "p(90)": 15.783937400000003,
            "p(95)": 18.3914899,
            "p(99)": 27.704265220000025,
            "avg": 12.986572978209589,
            "min": -2497.789251
        },
        "checks": {
            "passes": 12002,
            "fails": 0,
            "value": 1
        },
        "http_req_receiving": {
            "p(99)": 1.4721518600000025,
            "avg": 0.7404213371005778,
            "min": -2511.210602,
            "med": 0.402802,
            "max": 5847.083829,
            "p(50)": 0.402802,
            "p(90)": 0.68076,
            "p(95)": 0.8939761999999982
        },
        "data_sent": {
            "count": 1240006,
            "rate": 7436.286632980106
        },
        "vus_max": {
            "value": 64,
            "min": 60,
            "max": 64
        },
        "data_received": {
            "count": 19800289,
            "rate": 118741.86449085169
        },
        "vus": {
            "value": 5,
            "min": 3,
            "max": 10
        },
        "iterations": {
            "count": 12299,
            "rate": 73.75681190173461
        },
        "http_reqs": {
            "count": 12299,
            "rate": 73.75681190173461
        },
        "http_req_sending": {
            "p(90)": 0.055934000000000005,
            "p(95)": 0.06590129999999988,
            "p(99)": 0.11101358000000001,
            "avg": 0.038100043743393715,
            "min": 0.007706,
            "med": 0.037953,
            "max": 2.708392,
            "p(50)": 0.037953
        },
        "order_create_duration": {
            "p(50)": 13.021684,
            "p(90)": 19.451510000000003,
            "p(95)": 24.18531319999999,
            "p(99)": 38.94059491999999,
            "avg": 19.691933453333377,
            "min": 8.432754,
            "med": 13.021684,
            "max": 5858.092592
        },
        "http_req_blocked": {
            "p(95)": 0.01240309999999997,
            "p(99)": 0.3207193,
            "avg": 0.0169228229937393,
            "min": 0.002103,
            "med": 0.006849,
            "max": 18.903604,
            "p(50)": 0.006849,
            "p(90)": 0.009652
        },
        "iteration_duration": {
            "avg": 89.7628325408568,
            "min": 5.007421,
            "med": 65.618059,
            "max": 1726.821992,
            "p(50)": 65.618059,
            "p(90)": 109.1007682,
            "p(95)": 163.52286689999997,
            "p(99)": 1019.56238196
        },
        "http_req_duration{expected_response:true}": {
            "p(50)": 10.233721,
            "p(90)": 15.783937400000003,
            "p(95)": 18.3914899,
            "p(99)": 27.704265220000025,
            "avg": 12.986572978209589,
            "min": -2497.789251,
            "med": 10.233721,
            "max": 5866.348321
        },
        "http_req_connecting": {
            "med": 0,
            "max": 18.814465,
            "p(50)": 0,
            "p(90)": 0,
            "p(95)": 0,
            "p(99)": 0.23602588000000088,
            "avg": 0.007738999512155454,
            "min": 0
        },
        "http_req_tls_handshaking": {
            "avg": 0,
            "min": 0,
            "med": 0,
            "max": 0,
            "p(50)": 0,
            "p(90)": 0,
            "p(95)": 0,
            "p(99)": 0
        },
        "http_req_waiting": {
            "max": 5865.725589,
            "p(50)": 9.813369,
            "p(90)": 15.104655200000009,
            "p(95)": 17.573132299999997,
            "p(99)": 26.32989444000001,
            "avg": 12.208051597365607,
            "min": 0,
            "med": 9.813369
        },
        "dropped_iterations": {
            "count": 4,
            "rate": 0.023987905326200376
        }
    }
}