api,p50_ms,p95_ms,p99_ms,errors
product_list,11.137205,17.906545,27.987903,0
order_detail,5.4044795,10.19615189999999,20.431870089999997,0
order_create,13.374386,24.905643,42.23304,0