{
    "root_group": {
        "checks": {
            "status 2xx/201": {
                "path": "::status 2xx/201",
                "id": "5435608a10ee7ae3a35e97393b7783f1",
                "passes": 7,
                "fails": 85417,
                "name": "status 2xx/201"
            },
            "response time < 30s": {
                "path": "::response time < 30s",
                "id": "a1afbfadf3be0b08bb378d590ac8a875",
                "passes": 85424,
                "fails": 0,
                "name": "response time < 30s"
            },
            "has order id": {
                "id": "eaf29dffb3e9ddff3a846729d213593c",
                "passes": 0,
                "fails": 85424,
                "name": "has order id",
                "path": "::has order id"
            }
        },
        "name": "",
        "path": "",
        "id": "d41d8cd98f00b204e9800998ecf8427e",
        "groups": {}
    },
    "metrics": {
        "http_req_blocked": {
            "max": 515.487516,
            "p(50)": 0.4746335,
            "p(90)": 3.1067538,
            "p(95)": 6.130882149999996,
            "p(99)": 21.258306520000062,
            "avg": 1.8382146325037716,
            "min": 0.005381,
            "med": 0.4746335
        },
        "status_5xx": {
            "count": 1396,
            "rate": 6.420220616650861
        },
        "dropped_iterations": {
            "count": 7578,
            "rate": 34.85131220127523
        },
        "http_req_failed": {
            "fails": 7,
            "passes": 85417,
            "value": 0.9999180558156958
        },
        "iterations": {
            "count": 85424,
            "rate": 392.8659928057186
        },
        "status_2xx": {
            "rate": 0.0321930833213152,
            "count": 7
        },
        "http_reqs": {
            "count": 85424,
            "rate": 392.8659928057186
        },
        "vus_max": {
            "max": 3114,
            "value": 3114,
            "min": 366
        },
        "http_req_connecting": {
            "p(99)": 17.554364500000037,
            "avg": 1.3954128480403658,
            "min": 0,
            "med": 0.33240749999999997,
            "max": 515.360141,
            "p(50)": 0.33240749999999997,
            "p(90)": 2.4497689,
            "p(95)": 5.079930249999997
        },
        "order_create_duration": {
            "p(95)": 7506.177869399998,
            "p(99)": 9463.060723970006,
            "avg": 2132.348054754759,
            "min": 3.634992,
            "med": 127.191151,
            "max": 11491.603141,
            "p(50)": 127.191151,
            "p(90)": 6419.558810299997
        },
        "http_req_receiving": {
            "avg": 13.177301411219215,
            "min": 0.045401,
            "med": 0.758143,
            "max": 1580.855078,
            "p(50)": 0.758143,
            "p(90)": 35.491056999999984,
            "p(95)": 59.10306939999997,
            "p(99)": 153.19444204000087
        },
        "status_4xx": {
            "count": 84021,
            "rate": 386.41357910574635
        },
        "data_received": {
            "count": 29254440,
            "rate": 134541.51777691662
        },
        "http_req_tls_handshaking": {
            "med": 0,
            "max": 0,
            "p(50)": 0,
            "p(90)": 0,
            "p(95)": 0,
            "p(99)": 0,
            "avg": 0,
            "min": 0
        },
        "order_create_errors": {
            "count": 85424,
            "rate": 392.8659928057186
        },
        "http_req_duration{expected_response:true}": {
            "p(90)": 5699.7752166,
            "p(95)": 5941.9382147999995,
            "p(99)": 6135.66861336,
            "avg": 3102.172309857143,
            "min": 80.926323,
            "med": 3184.708276,
            "max": 6184.101213,
            "p(50)": 3184.708276
        },
        "http_req_sending": {
            "p(50)": 0.0899835,
            "p(90)": 0.2576662,
            "p(95)": 0.5886370999999981,
            "p(99)": 4.2258936200000266,
            "avg": 0.3285879026034805,
            "min": 0.015765,
            "med": 0.0899835,
            "max": 541.880438
        },
        "http_req_waiting": {
            "p(95)": 7473.238410999998,
            "p(99)": 9434.25871898,
            "avg": 2118.8421654409412,
            "min": 3.199695,
            "med": 108.430508,
            "max": 11491.189463,
            "p(50)": 108.430508,
            "p(90)": 6388.557752999999
        },
        "checks": {
            "passes": 85431,
            "fails": 170841,
            "value": 0.33336064806143473
        },
        "vus": {
            "value": 17,
            "min": 0,
            "max": 2944
        },
        "data_sent": {
            "count": 50097676,
            "rate": 230399.80823889328
        },
        "iteration_duration": {
            "avg": 2060.635806815957,
            "min": 4.722456,
            "med": 140.097753,
            "max": 11517.381824,
            "p(50)": 140.097753,
            "p(90)": 5906.9718034,
            "p(95)": 6976.506194849999,
            "p(99)": 9478.746870090003
        },
        "http_req_duration": {
            "p(99)": 9463.060723970006,
            "avg": 2132.348054754759,
            "min": 3.634992,
            "med": 127.191151,
            "max": 11491.603141,
            "p(50)": 127.191151,
            "p(90)": 6419.558810299997,
            "p(95)": 7506.177869399998
        }
    }
}