{
    "root_group": {
        "checks": {
            "status 2xx/3xx": {
                "name": "status 2xx/3xx",
                "path": "::status 2xx/3xx",
                "id": "229f6f3bf4683d8551d3fd3b31384a8c",
                "passes": 119958,
                "fails": 0
            }
        },
        "name": "",
        "path": "",
        "id": "d41d8cd98f00b204e9800998ecf8427e",
        "groups": {}
    },
    "metrics": {
        "http_reqs": {
            "count": 119958,
            "rate": 187.999704783605
        },
        "http_req_connecting": {
            "avg": 0.005685270744760675,
            "min": 0,
            "med": 0,
            "max": 37.722645,
            "p(90)": 0,
            "p(95)": 0
        },
        "http_req_duration": {
            "avg": 12.194025817486114,
            "min": 0.373922,
            "med": 8.0712355,
            "max": 1573.773076,
            "p(90)": 14.127535700000001,
            "p(95)": 18.444390199999997
        },
        "http_req_waiting": {
            "avg": 11.69008446940601,
            "min": 0,
            "med": 7.5995735,
            "max": 1573.338334,
            "p(90)": 13.5954592,
            "p(95)": 17.861050849999998
        },
        "vus": {
            "value": 3,
            "min": 3,
            "max": 100
        },
        "http_req_tls_handshaking": {
            "avg": 0,
            "min": 0,
            "med": 0,
            "max": 0,
            "p(90)": 0,
            "p(95)": 0
        },
        "http_req_failed": {
            "passes": 0,
            "fails": 119958,
            "value": 0
        },
        "data_sent": {
            "count": 26030886,
            "rate": 40795.93593804229
        },
        "checks": {
            "passes": 119958,
            "fails": 0,
            "value": 1
        },
        "iteration_duration": {
            "avg": 22.537263504309877,
            "min": 14.749991,
            "med": 18.967453,
            "max": 958.847131,
            "p(90)": 25.0684398,
            "p(95)": 29.49831909999998
        },
        "dropped_iterations": {
            "count": 43,
            "rate": 0.06739014743239313
        },
        "http_req_blocked": {
            "p(95)": 0.013862,
            "avg": 0.016493256423081536,
            "min": 0.002652,
            "med": 0.008202,
            "max": 37.89107,
            "p(90)": 0.011322
        },
        "data_received": {
            "count": 31689585,
            "rate": 49664.3210516594
        },
        "vus_max": {
            "value": 123,
            "min": 100,
            "max": 123
        },
        "http_req_duration{expected_response:true}": {
            "med": 8.0712355,
            "max": 1573.773076,
            "p(90)": 14.127535700000001,
            "p(95)": 18.444390199999997,
            "avg": 12.194025817486114,
            "min": 0.373922
        },
        "http_req_sending": {
            "med": 0.056907,
            "max": 16.228263,
            "p(90)": 0.08219090000000001,
            "p(95)": 0.0969153,
            "avg": 0.06194437829907124,
            "min": 0.009465
        },
        "iterations": {
            "count": 119958,
            "rate": 187.999704783605
        },
        "http_req_receiving": {
            "avg": 0.4419969697810889,
            "min": 0.018262,
            "med": 0.3822215,
            "max": 1551.064548,
            "p(90)": 0.5353713,
            "p(95)": 0.6307582999999995
        }
    }
}