{
    "metrics": {
        "iteration_duration": {
            "p(99)": 3646.86316558,
            "avg": 528.6750119700872,
            "min": 5.283185,
            "med": 47.665559,
            "max": 5271.74483,
            "p(50)": 47.665559,
            "p(90)": 2076.2841250000033,
            "p(95)": 2790.3055287999996
        },
        "http_reqs": {
            "rate": 413.4985091874758,
            "count": 90587
        },
        "status_5xx": {
            "count": 421,
            "rate": 1.9217202508961255
        },
        "status_2xx": {
            "count": 14,
            "rate": 0.0639051864906075
        },
        "http_req_duration": {
            "min": 3.808093,
            "med": 33.701281,
            "max": 5226.684175,
            "p(50)": 33.701281,
            "p(90)": 2245.3935864000014,
            "p(95)": 2850.4405021999996,
            "p(99)": 3683.19135456,
            "avg": 543.5482488156792
        },
        "http_req_sending": {
            "max": 468.66868,
            "p(50)": 0.091905,
            "p(90)": 0.23279460000000063,
            "p(95)": 0.47839539999999997,
            "p(99)": 2.2622717999999957,
            "avg": 0.2699806010023526,
            "min": 0.018681,
            "med": 0.091905
        },
        "order_create_duration": {
            "max": 5226.684175,
            "p(50)": 33.701281,
            "p(90)": 2245.3935864000014,
            "p(95)": 2850.4405021999996,
            "p(99)": 3683.19135456,
            "avg": 543.5482488156792,
            "min": 3.808093,
            "med": 33.701281
        },
        "http_req_receiving": {
            "p(90)": 29.067591600000014,
            "p(95)": 44.945458599999995,
            "p(99)": 93.73943899999998,
            "avg": 9.399722490567106,
            "min": 0.039404,
            "med": 0.648354,
            "max": 738.893056,
            "p(50)": 0.648354
        },
        "data_received": {
            "count": 31112662,
            "rate": 142018.60480923124
        },
        "iterations": {
            "count": 90587,
            "rate": 413.4985091874758
        },
        "http_req_tls_handshaking": {
            "max": 0,
            "p(50)": 0,
            "p(90)": 0,
            "p(95)": 0,
            "p(99)": 0,
            "avg": 0,
            "min": 0,
            "med": 0
        },
        "dropped_iterations": {
            "count": 2413,
            "rate": 11.014515357273993
        },
        "http_req_duration{expected_response:true}": {
            "p(95)": 1746.63914045,
            "p(99)": 1883.28184249,
            "avg": 639.232719142857,
            "min": 108.435824,
            "med": 296.2457225,
            "max": 1917.442518,
            "p(50)": 296.2457225,
            "p(90)": 1611.7629700000002
        },
        "status_4xx": {
            "count": 90152,
            "rate": 411.5128837500891
        },
        "vus": {
            "value": 15,
            "min": 1,
            "max": 1467
        },
        "http_req_connecting": {
            "p(99)": 12.843299879999998,
            "avg": 1.0989216682195027,
            "min": 0,
            "med": 0.333859,
            "max": 599.581483,
            "p(50)": 0.333859,
            "p(90)": 2.0427084000000004,
            "p(95)": 3.988500399999997
        },
        "order_create_errors": {
            "count": 90587,
            "rate": 413.4985091874758
        },
        "http_req_waiting": {
            "p(95)": 2829.6482518,
            "p(99)": 3657.9764347999994,
            "avg": 533.8785457241037,
            "min": 3.45349,
            "med": 27.104854,
            "max": 5189.166329,
            "p(50)": 27.104854,
            "p(90)": 2214.961813000001
        },
        "vus_max": {
            "value": 1653,
            "min": 366,
            "max": 1653
        },
        "http_req_blocked": {
            "p(50)": 0.478141,
            "p(90)": 2.5532388000000017,
            "p(95)": 4.769503099999997,
            "p(99)": 14.548206479999992,
            "avg": 1.356660088279779,
            "min": 0.006125,
            "med": 0.478141,
            "max": 599.665992
        },
        "http_req_failed": {
            "passes": 90573,
            "fails": 14,
            "value": 0.9998454524379878
        },
        "checks": {
            "passes": 90601,
            "fails": 181160,
            "value": 0.3333848491873374
        },
        "data_sent": {
            "count": 53039110,
            "rate": 242105.30113184606
        }
    },
    "root_group": {
        "groups": {},
        "checks": {
                "status 2xx/201": {
                    "name": "status 2xx/201",
                    "path": "::status 2xx/201",
                    "id": "5435608a10ee7ae3a35e97393b7783f1",
                    "passes": 14,
                    "fails": 90573
                },
                "response time < 30s": {
                    "name": "response time < 30s",
                    "path": "::response time < 30s",
                    "id": "a1afbfadf3be0b08bb378d590ac8a875",
                    "passes": 90587,
                    "fails": 0
                },
                "has order id": {
                    "fails": 90587,
                    "name": "has order id",
                    "path": "::has order id",
                    "id": "eaf29dffb3e9ddff3a846729d213593c",
                    "passes": 0
                }
            },
        "name": "",
        "path": "",
        "id": "d41d8cd98f00b204e9800998ecf8427e"
    }
}