{
    "timestamp_utc":  "2025-09-11T15:49:21.5641437Z",
    "hikari_active":  20,
    "hikari_idle":  0,
    "hikari_pending":  176,
    "hikari_max":  20,
    "jvm_heap_used_mb":  301.52115631103516,
    "jvm_heap_max_mb":  1949.9999980926514,
    "gc_pause_ms_per_s":  6.0720021937556323,
    "gc_pause_events_per_s":  0.74430994633133551,
    "pg_active_connections":  0,
    "pg_avg_query_time_ms":  0,
    "pg_tps":  4.2829120377824292,
    "redis_used_memory_mb":  1.1051101684570313,
    "redis_hit_rate":  0
}
