{
    "root_group": {
        "id": "d41d8cd98f00b204e9800998ecf8427e",
        "groups": {},
        "checks": {
                "status 2xx/3xx": {
                    "name": "status 2xx/3xx",
                    "path": "::status 2xx/3xx",
                    "id": "229f6f3bf4683d8551d3fd3b31384a8c",
                    "passes": 120001,
                    "fails": 0
                }
            },
        "name": "",
        "path": ""
    },
    "metrics": {
        "http_req_tls_handshaking": {
            "p(95)": 0,
            "avg": 0,
            "min": 0,
            "med": 0,
            "max": 0,
            "p(90)": 0
        },
        "http_req_blocked": {
            "avg": 0.026639688744260665,
            "min": 0.003408,
            "med": 0.007797,
            "max": 1515.05302,
            "p(90)": 0.010667,
            "p(95)": 0.012496
        },
        "http_req_connecting": {
            "min": 0,
            "med": 0,
            "max": 30.02662,
            "p(90)": 0,
            "p(95)": 0,
            "avg": 0.004146321380655149
        },
        "http_req_duration": {
            "avg": 10.213355661511258,
            "min": 4.278814,
            "med": 6.8696,
            "max": 1736.483317,
            "p(90)": 12.822272,
            "p(95)": 15.594935
        },
        "data_sent": {
            "rate": 40445.939605514766,
            "count": 26040217
        },
        "iteration_duration": {
            "p(95)": 26.497624,
            "avg": 20.204488137248724,
            "min": 14.766733,
            "med": 17.65999,
            "max": 424.692535,
            "p(90)": 23.729853
        },
        "http_req_duration{expected_response:true}": {
            "avg": 10.213355661511258,
            "min": 4.278814,
            "med": 6.8696,
            "max": 1736.483317,
            "p(90)": 12.822272,
            "p(95)": 15.594935
        },
        "checks": {
            "passes": 120001,
            "fails": 0,
            "value": 1
        },
        "vus": {
            "min": 3,
            "max": 32,
            "value": 4
        },
        "iterations": {
            "count": 120001,
            "rate": 186.3868184585934
        },
        "http_req_waiting": {
            "min": 4.025453,
            "med": 6.461171,
            "max": 1736.170742,
            "p(90)": 12.355814,
            "p(95)": 15.054977,
            "avg": 9.745236582795185
        },
        "http_req_sending": {
            "avg": 0.05641487823434759,
            "min": 0.011398,
            "med": 0.053745,
            "max": 7.038241,
            "p(90)": 0.075992,
            "p(95)": 0.087384
        },
        "data_received": {
            "count": 31702459,
            "rate": 49240.593581086825
        },
        "vus_max": {
            "value": 100,
            "min": 100,
            "max": 100
        },
        "http_req_receiving": {
            "min": 0.016033,
            "med": 0.36567,
            "max": 1208.242452,
            "p(90)": 0.497647,
            "p(95)": 0.564363,
            "avg": 0.411704200481665
        },
        "http_req_failed": {
            "fails": 120001,
            "passes": 0,
            "value": 0
        },
        "http_reqs": {
            "rate": 186.3868184585934,
            "count": 120001
        }
    }
}