api,cp,tp,p50_ms,p95_ms,p99_ms,errors,200,404,4xx_else,5xx,other
order_detail,10,50,1500.492681,3727.9022066999996,5665.604436160002,147,141960,0,0,147,0