api,cp,tp,p50_ms,p95_ms,p99_ms,errors,200,404,4xx_else,5xx,other
order_detail,10,100,1166.0394270000002,2352.19995075,3156.4728456299995,0,164008,0,0,0,0