api,cp,tp,p50_ms,p95_ms,p99_ms,errors,200,404,4xx_else,5xx,other
order_detail,10,200,17.837883,2165.1260687999998,3047.79492284,2,168371,0,0,2,0