api,p50_ms,p95_ms,p99_ms,errors,200,404,4xx_else,5xx,other
order_detail,137.248909,3028.6734711999998,6114.25544224,8,162365,0,0,8,0