api,p50_ms,p95_ms,p99_ms,errors,200,404,4xx_else,5xx,other
order_detail,48.044817,2912.4295019499996,6315.856642139986,27,162115,0,0,27,0