api,p50_ms,p95_ms,p99_ms,errors,200,404,4xx_else,5xx,other
order_detail,25.2105795,2457.52382515,6339.832538830009,7,166093,0,0,7,0