{
    "metrics": {
        "iterations": {
            "count": 162440,
            "rate": 692.5862541300878
        },
        "http_req_duration{expected_response:true}": {
            "p(50)": 47.530133,
            "p(90)": 1795.5883946000001,
            "p(95)": 2900.9397645999993,
            "p(99)": 6306.704486840028,
            "avg": 518.7121001450244,
            "min": -2809.791443,
            "med": 47.530133,
            "max": 10888.062337
        },
        "http_req_tls_handshaking": {
            "p(50)": 0,
            "p(90)": 0,
            "p(95)": 0,
            "p(99)": 0,
            "avg": 0,
            "min": 0,
            "med": 0,
            "max": 0
        },
        "checks": {
            "passes": 162115,
            "fails": 27,
            "value": 0.9998334792959258
        },
        "http_req_duration": {
            "p(99)": 6310.398641359988,
            "avg": 519.466936461455,
            "min": -2809.791443,
            "med": 47.6004305,
            "max": 10888.062337,
            "p(50)": 47.6004305,
            "p(90)": 1799.531194100001,
            "p(95)": 2908.627352799999
        },
        "http_req_waiting": {
            "med": 45.744884,
            "max": 10887.852743,
            "p(50)": 45.744884,
            "p(90)": 1795.5956024000004,
            "p(95)": 2900.6609157,
            "p(99)": 6303.4267006499385,
            "avg": 517.6112097633558,
            "min": 0
        },
        "http_req_receiving": {
            "med": 0.420937,
            "max": 6157.358058,
            "p(50)": 0.420937,
            "p(90)": 3.9127156000000007,
            "p(95)": 6.578304149999986,
            "p(99)": 15.381785779999994,
            "avg": 1.8032142297278746,
            "min": -2813.703979
        },
        "status_5xx": {
            "count": 27,
            "rate": 0.11511837516321333
        },
        "http_req_sending": {
            "p(90)": 0.0803861,
            "p(95)": 0.18246454999999986,
            "p(99)": 0.763180399999998,
            "avg": 0.05251246835754669,
            "min": -2818.442781,
            "med": 0.021314,
            "max": 56.859418,
            "p(50)": 0.021314
        },
        "iteration_duration": {
            "max": 7049.364923,
            "p(50)": 110.51982749999999,
            "p(90)": 1721.6987426000014,
            "p(95)": 2808.7976543499994,
            "p(99)": 4223.87981666,
            "avg": 519.4069584384998,
            "min": 3.3912,
            "med": 110.51982749999999
        },
        "http_reqs": {
            "rate": 692.5862541300878,
            "count": 162440
        },
        "http_req_failed": {
            "fails": 162413,
            "passes": 27,
            "value": 0.00016621521792661907
        },
        "data_sent": {
            "rate": 60174.85187469937,
            "count": 14113481
        },
        "data_received": {
            "count": 95542640,
            "rate": 407359.7583556975
        },
        "order_detail_duration": {
            "p(95)": 2912.4295019499996,
            "p(99)": 6315.856642139986,
            "avg": 520.3737175050187,
            "min": -2809.791443,
            "med": 48.044817,
            "max": 10888.062337,
            "p(50)": 48.044817,
            "p(90)": 1804.3373667999986
        },
        "http_req_blocked": {
            "p(95)": 0.024114049999999988,
            "p(99)": 0.6258401599999992,
            "avg": 0.06521420509111017,
            "min": 0.002216,
            "med": 0.007715,
            "max": 125.948355,
            "p(50)": 0.007715,
            "p(90)": 0.011098
        },
        "status_200": {
            "count": 162115,
            "rate": 691.2005699846047
        },
        "order_detail_errors": {
            "count": 27,
            "rate": 0.11511837516321333
        },
        "vus": {
            "value": 267,
            "min": 8,
            "max": 1500
        },
        "vus_max": {
            "value": 1513,
            "min": 510,
            "max": 1513
        },
        "http_req_connecting": {
            "med": 0,
            "max": 123.471992,
            "p(50)": 0,
            "p(90)": 0,
            "p(95)": 0,
            "p(99)": 0.3433739899999936,
            "avg": 0.0424942736148731,
            "min": 0
        },
        "dropped_iterations": {
            "count": 17863,
            "rate": 76.16146427927703
        }
    },
    "root_group": {
        "name": "",
        "path": "",
        "id": "d41d8cd98f00b204e9800998ecf8427e",
        "groups": {},
        "checks": {
                "OrderDetail status OK": {
                    "id": "f04199cfa4089db30b80c2eea193ae72",
                    "passes": 162115,
                    "fails": 27,
                    "name": "OrderDetail status OK",
                    "path": "::OrderDetail status OK"
                }
            }
    }
}