{
    "metrics": {
        "dropped_iterations": {
            "count": 13904,
            "rate": 59.561384659389255
        },
        "iterations": {
            "count": 166397,
            "rate": 712.8046406191307
        },
        "http_req_duration{expected_response:true}": {
            "max": 11052.154263,
            "p(50)": 25.0469565,
            "p(90)": 1945.0273421000004,
            "p(95)": 2455.8743714499997,
            "p(99)": 6337.979197719997,
            "avg": 545.815059997773,
            "min": -2814.079906,
            "med": 25.0469565
        },
        "data_received": {
            "count": 97873451,
            "rate": 419266.2732273364
        },
        "data_sent": {
            "count": 14457190,
            "rate": 61931.11728163663
        },
        "http_req_connecting": {
            "min": 0,
            "med": 0,
            "max": 33.114492,
            "p(50)": 0,
            "p(90)": 0,
            "p(95)": 0,
            "p(99)": 0.30694540000000053,
            "avg": 0.01783702204967635
        },
        "vus_max": {
            "value": 1513,
            "min": 510,
            "max": 1513
        },
        "iteration_duration": {
            "p(99)": 3260.5261024000015,
            "avg": 534.3909156334196,
            "min": 2.939129,
            "med": 97.190523,
            "max": 5751.4712,
            "p(50)": 97.190523,
            "p(90)": 1938.6222373999988,
            "p(95)": 2414.4215289999993
        },
        "http_req_duration": {
            "p(50)": 25.051911,
            "p(90)": 1945.3838533999992,
            "p(95)": 2456.3139503999996,
            "p(99)": 6339.503210760002,
            "avg": 546.1159037709721,
            "min": -2814.079906,
            "med": 25.051911,
            "max": 11052.154263
        },
        "checks": {
            "passes": 166093,
            "fails": 7,
            "value": 0.9999578567128236
        },
        "order_detail_duration": {
            "p(95)": 2457.52382515,
            "p(99)": 6339.832538830009,
            "avg": 547.0549302649154,
            "min": -2814.079906,
            "med": 25.2105795,
            "max": 11052.154263,
            "p(50)": 25.2105795,
            "p(90)": 1947.2623507000003
        },
        "status_5xx": {
            "count": 7,
            "rate": 0.02998631276004925
        },
        "order_detail_errors": {
            "count": 7,
            "rate": 0.02998631276004925
        },
        "http_req_sending": {
            "p(90)": 0.0711374,
            "p(95)": 0.15779439999999986,
            "p(99)": 0.597223680000001,
            "avg": 0.10302996746936656,
            "min": 0.004518,
            "med": 0.020823,
            "max": 6143.829133,
            "p(50)": 0.020823
        },
        "http_req_receiving": {
            "min": -2822.754944,
            "med": 0.458288,
            "max": 6315.387526,
            "p(50)": 0.458288,
            "p(90)": 17.543707599999998,
            "p(95)": 26.015583799999995,
            "p(99)": 47.70117912000009,
            "avg": 6.262590431431926
        },
        "vus": {
            "value": 69,
            "min": 8,
            "max": 1500
        },
        "http_req_waiting": {
            "p(95)": 2439.7740618,
            "p(99)": 6324.17927308001,
            "avg": 539.7502833720639,
            "min": 0,
            "med": 18.514491,
            "max": 11050.884103,
            "p(50)": 18.514491,
            "p(90)": 1932.3485853999998
        },
        "http_reqs": {
            "count": 166397,
            "rate": 712.8046406191307
        },
        "http_req_failed": {
            "passes": 7,
            "fails": 166390,
            "value": 0.00004206806613099996
        },
        "http_req_blocked": {
            "p(50)": 0.007645,
            "p(90)": 0.010596,
            "p(95)": 0.019362199999999895,
            "p(99)": 0.5243932800000001,
            "avg": 0.033556658010661586,
            "min": 0,
            "med": 0.007645,
            "max": 34.8719
        },
        "http_req_tls_handshaking": {
            "avg": 0,
            "min": 0,
            "med": 0,
            "max": 0,
            "p(50)": 0,
            "p(90)": 0,
            "p(95)": 0,
            "p(99)": 0
        },
        "status_200": {
            "count": 166093,
            "rate": 711.5023778935514
        }
    },
    "root_group": {
        "name": "",
        "path": "",
        "id": "d41d8cd98f00b204e9800998ecf8427e",
        "groups": {},
        "checks": {
                "OrderDetail status OK": {
                    "passes": 166093,
                    "fails": 7,
                    "name": "OrderDetail status OK",
                    "path": "::OrderDetail status OK",
                    "id": "f04199cfa4089db30b80c2eea193ae72"
                }
            }
    }
}