{
    "root_group": {
        "id": "d41d8cd98f00b204e9800998ecf8427e",
        "groups": {},
        "checks": {
                "OrderDetail status OK": {
                    "id": "f04199cfa4089db30b80c2eea193ae72",
                    "passes": 162365,
                    "fails": 8,
                    "name": "OrderDetail status OK",
                    "path": "::OrderDetail status OK"
                }
            },
        "name": "",
        "path": ""
    },
    "metrics": {
        "status_5xx": {
            "count": 8,
            "rate": 0.03406821233015341
        },
        "http_req_duration": {
            "min": -2808.31805,
            "med": 136.133918,
            "max": 11512.07207,
            "p(50)": 136.133918,
            "p(90)": 2059.234689,
            "p(95)": 3027.521157,
            "p(99)": 6113.660836299994,
            "avg": 710.8431903877428
        },
        "http_req_duration{expected_response:true}": {
            "p(90)": 2058.5977320000034,
            "p(95)": 3026.6496517999994,
            "p(99)": 6113.110125520003,
            "avg": 710.6400315077335,
            "min": -2808.31805,
            "med": 136.120875,
            "max": 11512.07207,
            "p(50)": 136.120875
        },
        "data_received": {
            "rate": 407467.4580216721,
            "count": 95682733
        },
        "iterations": {
            "count": 162671,
            "rate": 692.7387709947982
        },
        "http_req_blocked": {
            "med": 0.007786,
            "max": 73.637359,
            "p(50)": 0.007786,
            "p(90)": 0.01091,
            "p(95)": 0.020956000000000002,
            "p(99)": 0.5989688999999977,
            "avg": 0.04311141891302088,
            "min": 0.002309
        },
        "http_req_tls_handshaking": {
            "max": 0,
            "p(50)": 0,
            "p(90)": 0,
            "p(95)": 0,
            "p(99)": 0,
            "avg": 0,
            "min": 0,
            "med": 0
        },
        "vus": {
            "value": 715,
            "min": 8,
            "max": 1500
        },
        "dropped_iterations": {
            "count": 17635,
            "rate": 75.09911555528193
        },
        "http_req_sending": {
            "avg": 0.027152948275967724,
            "min": -2812.076875,
            "med": 0.020951,
            "max": 70.348959,
            "p(50)": 0.020951,
            "p(90)": 0.072134,
            "p(95)": 0.164735,
            "p(99)": 0.6503906999999988
        },
        "http_req_receiving": {
            "p(95)": 61.949935499999995,
            "p(99)": 119.72870049999948,
            "avg": 15.845739382612926,
            "min": -2821.384784,
            "med": 1.028183,
            "max": 6204.87534,
            "p(50)": 1.028183,
            "p(90)": 43.649981
        },
        "checks": {
            "passes": 162365,
            "fails": 8,
            "value": 0.9999507307249358
        },
        "order_detail_errors": {
            "count": 8,
            "rate": 0.03406821233015341
        },
        "data_sent": {
            "count": 14133541,
            "rate": 60188.0594706161
        },
        "status_200": {
            "count": 162365,
            "rate": 691.4356618731699
        },
        "order_detail_duration": {
            "p(95)": 3028.6734711999998,
            "p(99)": 6114.25544224,
            "avg": 712.1065975546026,
            "min": -2808.31805,
            "med": 137.248909,
            "max": 11512.07207,
            "p(50)": 137.248909,
            "p(90)": 2061.5699126000004
        },
        "vus_max": {
            "max": 1513,
            "value": 1513,
            "min": 510
        },
        "http_reqs": {
            "count": 162671,
            "rate": 692.7387709947982
        },
        "http_req_waiting": {
            "p(99)": 6029.802930099999,
            "avg": 694.9702980568674,
            "min": 0,
            "med": 116.682416,
            "max": 11506.504683,
            "p(50)": 116.682416,
            "p(90)": 2026.635111,
            "p(95)": 2971.6867805
        },
        "http_req_connecting": {
            "max": 66.115879,
            "p(50)": 0,
            "p(90)": 0,
            "p(95)": 0,
            "p(99)": 0.3403175999999962,
            "avg": 0.024977148963244787,
            "min": 0,
            "med": 0
        },
        "http_req_failed": {
            "passes": 8,
            "fails": 162663,
            "value": 0.00004917901777206755
        },
        "iteration_duration": {
            "avg": 692.0421851766408,
            "min": 3.698333,
            "med": 193.585611,
            "max": 5903.939174,
            "p(50)": 193.585611,
            "p(90)": 1998.254164,
            "p(95)": 2834.064668,
            "p(99)": 3740.908612299995
        }
    }
}