{
    "root_group": {
        "name": "",
        "path": "",
        "id": "d41d8cd98f00b204e9800998ecf8427e",
        "groups": {},
        "checks": {
                "OrderMe status OK": {
                    "name": "OrderMe status OK",
                    "path": "::OrderMe status OK",
                    "id": "6b72616430495284dcaf8fca61df2c32",
                    "passes": 154535,
                    "fails": 48
                }
            }
    },
    "metrics": {
        "http_req_connecting": {
            "avg": 0.019618348220511932,
            "min": 0,
            "med": 0,
            "max": 37.25342,
            "p(50)": 0,
            "p(90)": 0,
            "p(95)": 0,
            "p(99)": 0.31653699999999996
        },
        "status_5xx": {
            "count": 48,
            "rate": 0.2064356273229121
        },
        "vus_max": {
            "value": 1517,
            "min": 510,
            "max": 1517
        },
        "http_req_waiting": {
            "p(99)": 5194.2701445,
            "avg": 1781.723508970094,
            "min": 8.491382,
            "med": 1545.449269,
            "max": 7952.481136,
            "p(50)": 1545.449269,
            "p(90)": 2563.475696,
            "p(95)": 3734.161284
        },
        "http_req_duration{expected_response:true}": {
            "med": 1553.3812295,
            "max": 7953.076983,
            "p(50)": 1553.3812295,
            "p(90)": 2573.6215173,
            "p(95)": 3753.699458699999,
            "p(99)": 5206.476396520001,
            "avg": 1790.0776286089842,
            "min": 10.705601
        },
        "http_req_sending": {
            "p(90)": 0.07245499999999999,
            "p(95)": 0.162401,
            "p(99)": 0.491394,
            "avg": 0.057599415125648014,
            "min": 0.005433,
            "med": 0.022026,
            "max": 983.427491,
            "p(50)": 0.022026
        },
        "data_sent": {
            "count": 13920885,
            "rate": 59870.13808052328
        },
        "order_me_errors": {
            "count": 48,
            "rate": 0.2064356273229121
        },
        "iteration_duration": {
            "avg": 1684.0653469219767,
            "min": 33.200037,
            "med": 1575.7094135,
            "max": 5108.333467,
            "p(50)": 1575.7094135,
            "p(90)": 2222.4844160000002,
            "p(95)": 2665.8423282500003,
            "p(99)": 3530.17867175
        },
        "dropped_iterations": {
            "count": 25425,
            "rate": 109.346371347605
        },
        "http_req_receiving": {
            "max": 2000.791811,
            "p(50)": 3.761749,
            "p(90)": 20.334941,
            "p(95)": 25.953211250000003,
            "p(99)": 43.580859000000004,
            "avg": 8.887581150423369,
            "min": 0.016938,
            "med": 3.761749
        },
        "status_200": {
            "count": 154535,
            "rate": 664.6152014238796
        },
        "checks": {
            "passes": 154535,
            "fails": 48,
            "value": 0.9996894872010506
        },
        "http_req_failed": {
            "passes": 48,
            "fails": 154828,
            "value": 0.00030992535964255273
        },
        "http_reqs": {
            "count": 154876,
            "rate": 666.0817545263195
        },
        "vus": {
            "value": 781,
            "min": 9,
            "max": 1500
        },
        "data_received": {
            "count": 103045553,
            "rate": 443172.36200815387
        },
        "http_req_blocked": {
            "p(99)": 0.51669075,
            "avg": 0.034532589490946744,
            "min": 0.00226,
            "med": 0.0078,
            "max": 37.336867,
            "p(50)": 0.0078,
            "p(90)": 0.010813,
            "p(95)": 0.024199000000000002
        },
        "http_req_tls_handshaking": {
            "p(99)": 0,
            "avg": 0,
            "min": 0,
            "med": 0,
            "max": 0,
            "p(50)": 0,
            "p(90)": 0,
            "p(95)": 0
        },
        "iterations": {
            "count": 154876,
            "rate": 666.0817545263195
        },
        "http_req_duration": {
            "avg": 1790.6686895356206,
            "min": 10.705601,
            "med": 1553.592577,
            "max": 7953.076983,
            "p(50)": 1553.592577,
            "p(90)": 2575.5087505,
            "p(95)": 3756.9050145,
            "p(99)": 5207.79590175
        },
        "order_me_duration": {
            "p(50)": 1554.747833,
            "p(90)": 2578.2311594000003,
            "p(95)": 3759.3800566999994,
            "p(99)": 5210.520522879998,
            "avg": 1793.926677876797,
            "min": 10.705601,
            "med": 1554.747833,
            "max": 7953.076983
        }
    }
}