{
    "root_group": {
        "name": "",
        "path": "",
        "id": "d41d8cd98f00b204e9800998ecf8427e",
        "groups": {},
        "checks": {
                "OrderMe status OK": {
                    "name": "OrderMe status OK",
                    "path": "::OrderMe status OK",
                    "id": "6b72616430495284dcaf8fca61df2c32",
                    "passes": 124254,
                    "fails": 217
                }
            }
    },
    "metrics": {
        "http_req_duration{expected_response:true}": {
            "p(95)": 3320.149862399999,
            "p(99)": 4391.8294037099995,
            "avg": 2092.8851600746957,
            "min": 15.305649,
            "med": 1947.250626,
            "max": 6108.264771,
            "p(50)": 1947.250626,
            "p(90)": 2773.7888376
        },
        "http_req_receiving": {
            "min": -5.012349,
            "med": 4.588898,
            "max": 411.449547,
            "p(50)": 4.588898,
            "p(90)": 25.662929000000005,
            "p(95)": 32.55466979999998,
            "p(99)": 55.28161096,
            "avg": 10.22268681149362
        },
        "status_200": {
            "count": 124254,
            "rate": 586.0902495164586
        },
        "order_me_duration": {
            "med": 1950.12746,
            "max": 6216.467912,
            "p(50)": 1950.12746,
            "p(90)": 2782.854597,
            "p(95)": 3343.4347525000003,
            "p(99)": 4414.079163100001,
            "avg": 2100.885329754491,
            "min": 15.305649
        },
        "http_req_tls_handshaking": {
            "p(99)": 0,
            "avg": 0,
            "min": 0,
            "med": 0,
            "max": 0,
            "p(50)": 0,
            "p(90)": 0,
            "p(95)": 0
        },
        "http_req_sending": {
            "max": 13.782504,
            "p(50)": 0.025082,
            "p(90)": 0.0913046,
            "p(95)": 0.19902699999999984,
            "p(99)": 0.6044816000000002,
            "avg": 0.060084089760750484,
            "min": 0.005694,
            "med": 0.025082
        },
        "http_req_failed": {
            "passes": 217,
            "fails": 124548,
            "value": 0.0017392698272752775
        },
        "http_req_waiting": {
            "p(50)": 1939.391051,
            "p(90)": 2767.8593530000003,
            "p(95)": 3326.381552799998,
            "p(99)": 4396.387287920001,
            "avg": 2085.870691099906,
            "min": 15.238918,
            "med": 1939.391051,
            "max": 6175.285081
        },
        "data_sent": {
            "count": 11214141,
            "rate": 52895.670938583455
        },
        "http_req_blocked": {
            "max": 59.015175,
            "p(50)": 0.009029,
            "p(90)": 0.012451600000000005,
            "p(95)": 0.026209199999999953,
            "p(99)": 0.5161848000000004,
            "avg": 0.0429508180339041,
            "min": 0.00275,
            "med": 0.009029
        },
        "iterations": {
            "count": 124765,
            "rate": 588.5005712566272
        },
        "http_reqs": {
            "count": 124765,
            "rate": 588.5005712566272
        },
        "http_req_connecting": {
            "max": 58.940854,
            "p(50)": 0,
            "p(90)": 0,
            "p(95)": 0,
            "p(99)": 0.2837832000000001,
            "avg": 0.022766019228148877,
            "min": 0,
            "med": 0
        },
        "status_5xx": {
            "rate": 1.023561286920916,
            "count": 217
        },
        "http_req_duration": {
            "p(95)": 3341.458914999999,
            "p(99)": 4413.51013456,
            "avg": 2096.1534620011157,
            "min": 15.305649,
            "med": 1948.484267,
            "max": 6216.467912,
            "p(50)": 1948.484267,
            "p(90)": 2781.6042792000003
        },
        "data_received": {
            "count": 82902546,
            "rate": 391040.72199437994
        },
        "iteration_duration": {
            "p(99)": 4466.731677,
            "avg": 2148.8404176541326,
            "min": 32.033179,
            "med": 1998.961675,
            "max": 6271.245076,
            "p(50)": 1998.961675,
            "p(90)": 2835.557320200001,
            "p(95)": 3390.0150721999958
        },
        "vus": {
            "value": 197,
            "min": 7,
            "max": 1500
        },
        "vus_max": {
            "value": 1517,
            "min": 510,
            "max": 1517
        },
        "checks": {
            "passes": 124254,
            "fails": 217,
            "value": 0.9982566220244072
        },
        "order_me_errors": {
            "count": 217,
            "rate": 1.023561286920916
        },
        "dropped_iterations": {
            "count": 55537,
            "rate": 261.96093636740517
        }
    }
}