{
    "timestamp_utc":  "2025-09-11T06:17:56.2962670Z",
    "hikari_active":  18,
    "hikari_idle":  2,
    "hikari_pending":  179,
    "hikari_max":  20,
    "jvm_heap_used_mb":  168.38003540039063,
    "jvm_heap_max_mb":  1949.9999980926514,
    "gc_pause_ms_per_s":  9.4151041458441629,
    "gc_pause_events_per_s":  1.399272378363251,
    "pg_active_connections":  3,
    "pg_avg_query_time_ms":  0,
    "pg_tps":  6.197070475775087,
    "redis_used_memory_mb":  1.123779296875,
    "redis_hit_rate":  0
}
