{
    "root_group": {
        "id": "d41d8cd98f00b204e9800998ecf8427e",
        "groups": {},
        "checks": {
                "OrderDetail status OK": {
                    "fails": 10,
                    "name": "OrderDetail status OK",
                    "path": "::OrderDetail status OK",
                    "id": "f04199cfa4089db30b80c2eea193ae72",
                    "passes": 161738
                }
            },
        "name": "",
        "path": ""
    },
    "metrics": {
        "http_req_waiting": {
            "p(50)": 284.421768,
            "p(90)": 2245.6464985000002,
            "p(95)": 3004.3761099999997,
            "p(99)": 5983.321446549998,
            "avg": 772.6138076153435,
            "min": 0,
            "med": 284.421768,
            "max": 9349.455667
        },
        "http_req_duration": {
            "med": 302.03768249999996,
            "max": 9352.103318,
            "p(50)": 302.03768249999996,
            "p(90)": 2278.3619744999996,
            "p(95)": 3045.8190640000003,
            "p(99)": 6059.681772699996,
            "avg": 791.1791207779982,
            "min": -2754.424476
        },
        "http_req_receiving": {
            "med": 1.5731805,
            "max": 6231.157629,
            "p(50)": 1.5731805,
            "p(90)": 47.0736725,
            "p(95)": 64.51566500000001,
            "p(99)": 114.0397510999995,
            "avg": 18.50156710039763,
            "min": -2757.966812
        },
        "vus": {
            "value": 569,
            "min": 8,
            "max": 1500
        },
        "data_sent": {
            "count": 14079304,
            "rate": 59979.19044405363
        },
        "order_detail_duration": {
            "p(95)": 3047.602689999999,
            "p(99)": 6061.523974399997,
            "avg": 792.5986602232207,
            "min": -2754.424476,
            "med": 303.820497,
            "max": 9352.103318,
            "p(50)": 303.820497,
            "p(90)": 2280.1683855000024
        },
        "http_req_tls_handshaking": {
            "max": 0,
            "p(50)": 0,
            "p(90)": 0,
            "p(95)": 0,
            "p(99)": 0,
            "avg": 0,
            "min": 0,
            "med": 0
        },
        "vus_max": {
            "value": 1513,
            "min": 510,
            "max": 1513
        },
        "status_200": {
            "count": 161738,
            "rate": 689.0194503961521
        },
        "status_5xx": {
            "rate": 0.042600962692512095,
            "count": 10
        },
        "data_received": {
            "count": 95313133,
            "rate": 406043.1223039443
        },
        "http_req_sending": {
            "p(50)": 0.020928,
            "p(90)": 0.0766685,
            "p(95)": 0.179617,
            "p(99)": 0.7156585499999905,
            "avg": 0.06374606223541422,
            "min": 0.005372,
            "med": 0.020928,
            "max": 69.786455
        },
        "iteration_duration": {
            "min": 3.646003,
            "med": 362.2350055,
            "max": 5746.099517,
            "p(50)": 362.2350055,
            "p(90)": 2210.043028,
            "p(95)": 2713.0873702500003,
            "p(99)": 3511.314756499998,
            "avg": 748.5937495588969
        },
        "iterations": {
            "count": 162046,
            "rate": 690.3315600470814
        },
        "http_reqs": {
            "count": 162046,
            "rate": 690.3315600470814
        },
        "checks": {
            "passes": 161738,
            "fails": 10,
            "value": 0.9999381754333903
        },
        "order_detail_errors": {
            "count": 10,
            "rate": 0.042600962692512095
        },
        "http_req_duration{expected_response:true}": {
            "avg": 790.9701615269785,
            "min": -2754.424476,
            "med": 301.981446,
            "max": 9352.103318,
            "p(50)": 301.981446,
            "p(90)": 2277.7620985,
            "p(95)": 3044.37298675,
            "p(99)": 6059.715116099998
        },
        "http_req_failed": {
            "passes": 10,
            "fails": 162036,
            "value": 0.00006171087222146797
        },
        "http_req_connecting": {
            "p(99)": 0.3297331499999966,
            "avg": 0.031137220678079117,
            "min": 0,
            "med": 0,
            "max": 76.33612,
            "p(50)": 0,
            "p(90)": 0,
            "p(95)": 0
        },
        "dropped_iterations": {
            "count": 18256,
            "rate": 77.77231749145008
        },
        "http_req_blocked": {
            "med": 0.008012,
            "max": 76.521408,
            "p(50)": 0.008012,
            "p(90)": 0.01131,
            "p(95)": 0.02478425,
            "p(99)": 0.5696467999999923,
            "avg": 0.04836379703911205,
            "min": 0
        }
    }
}