{
    "root_group": {
        "checks": {
            "OrderDetail status OK": {
                "id": "f04199cfa4089db30b80c2eea193ae72",
                "passes": 170150,
                "fails": 2,
                "name": "OrderDetail status OK",
                "path": "::OrderDetail status OK"
            }
        },
        "name": "",
        "path": "",
        "id": "d41d8cd98f00b204e9800998ecf8427e",
        "groups": {}
    },
    "metrics": {
        "http_req_duration{expected_response:true}": {
            "p(99)": 5603.711407439997,
            "avg": 549.4060168591693,
            "min": -2751.300926,
            "med": 90.80271450000001,
            "max": 9211.151937,
            "p(50)": 90.80271450000001,
            "p(90)": 1606.8684529000016,
            "p(95)": 2228.31750775
        },
        "http_req_connecting": {
            "min": 0,
            "med": 0,
            "max": 35.207321,
            "p(50)": 0,
            "p(90)": 0,
            "p(95)": 0,
            "p(99)": 0.31253886000000175,
            "avg": 0.020280685227339303
        },
        "http_req_tls_handshaking": {
            "avg": 0,
            "min": 0,
            "med": 0,
            "max": 0,
            "p(50)": 0,
            "p(90)": 0,
            "p(95)": 0,
            "p(99)": 0
        },
        "data_sent": {
            "count": 14809385,
            "rate": 63018.15311553838
        },
        "iterations": {
            "count": 170450,
            "rate": 725.3133197998105
        },
        "http_req_blocked": {
            "max": 35.27813,
            "p(50)": 0.00764,
            "p(90)": 0.010748100000000007,
            "p(95)": 0.020857349999999802,
            "p(99)": 0.5603120700000052,
            "avg": 0.03648804343795844,
            "min": 0.001632,
            "med": 0.00764
        },
        "http_req_waiting": {
            "p(99)": 5489.896574300005,
            "avg": 541.983552601129,
            "min": 0,
            "med": 81.638863,
            "max": 9204.705797,
            "p(50)": 81.638863,
            "p(90)": 1592.5472221,
            "p(95)": 2210.9827207499998
        },
        "dropped_iterations": {
            "count": 9851,
            "rate": 41.918812046629114
        },
        "status_5xx": {
            "count": 2,
            "rate": 0.008510569900848466
        },
        "status_200": {
            "count": 170150,
            "rate": 724.0367343146833
        },
        "checks": {
            "passes": 170150,
            "fails": 2,
            "value": 0.9999882458037519
        },
        "vus_max": {
            "value": 1513,
            "min": 510,
            "max": 1513
        },
        "http_req_duration": {
            "p(90)": 1606.9812203000006,
            "p(95)": 2228.4066369499997,
            "p(99)": 5603.66669048002,
            "avg": 549.4516564679184,
            "min": -2751.300926,
            "med": 90.808369,
            "max": 9211.151937,
            "p(50)": 90.808369
        },
        "order_detail_errors": {
            "count": 2,
            "rate": 0.008510569900848466
        },
        "data_received": {
            "count": 100260754,
            "rate": 426638.0776143862
        },
        "iteration_duration": {
            "p(90)": 1620.3075316000002,
            "p(95)": 2179.845873649999,
            "p(99)": 3019.1242451200023,
            "avg": 549.4363644160081,
            "min": 3.147892,
            "med": 147.9645745,
            "max": 5729.539962,
            "p(50)": 147.9645745
        },
        "http_reqs": {
            "count": 170450,
            "rate": 725.3133197998105
        },
        "order_detail_duration": {
            "p(50)": 91.6908075,
            "p(90)": 1608.4956343,
            "p(95)": 2229.1550256999994,
            "p(99)": 5605.228021329998,
            "avg": 550.3450157790077,
            "min": -2751.300926,
            "med": 91.6908075,
            "max": 9211.151937
        },
        "http_req_sending": {
            "p(50)": 0.020956,
            "p(90)": 0.073799,
            "p(95)": 0.16763819999999996,
            "p(99)": 0.6323216700000002,
            "avg": 0.04489095217952471,
            "min": -2758.30596,
            "med": 0.020956,
            "max": 35.32513
        },
        "http_req_receiving": {
            "p(90)": 18.430283200000005,
            "p(95)": 26.025229249999978,
            "p(99)": 48.027629600000104,
            "avg": 7.42321291460265,
            "min": -2757.845328,
            "med": 0.697031,
            "max": 6136.928511,
            "p(50)": 0.697031
        },
        "http_req_failed": {
            "passes": 2,
            "fails": 170448,
            "value": 0.00001173364623056615
        },
        "vus": {
            "value": 735,
            "min": 7,
            "max": 1500
        }
    }
}