api,p50_ms,p95_ms,p99_ms,errors,200,404,4xx_else,5xx,other
order_detail,1387.915007,3961.680446799997,6026.091766160026,14,148739,0,0,14,0