{
    "metrics": {
        "order_detail_errors": {
            "count": 14,
            "rate": 0.059623951491779605
        },
        "http_req_connecting": {
            "p(99)": 0.2206545,
            "avg": 0.01684260116336018,
            "min": 0,
            "med": 0,
            "max": 48.041732,
            "p(50)": 0,
            "p(90)": 0,
            "p(95)": 0
        },
        "http_req_tls_handshaking": {
            "avg": 0,
            "min": 0,
            "med": 0,
            "max": 0,
            "p(50)": 0,
            "p(90)": 0,
            "p(95)": 0,
            "p(99)": 0
        },
        "http_req_receiving": {
            "avg": 2.2032345363735066,
            "min": -2763.436379,
            "med": 0.612365,
            "max": 6111.935544,
            "p(50)": 0.612365,
            "p(90)": 5.36824,
            "p(95)": 8.6983735,
            "p(99)": 18.719186
        },
        "status_200": {
            "count": 148739,
            "rate": 633.4576372097005
        },
        "dropped_iterations": {
            "count": 31249,
            "rate": 133.08491858333005
        },
        "http_req_duration": {
            "max": 10297.578261,
            "p(50)": 1386.071663,
            "p(90)": 2819.802992,
            "p(95)": 3956.0703415,
            "p(99)": 6021.2564465,
            "avg": 1407.999375944191,
            "min": -2618.474724,
            "med": 1386.071663
        },
        "http_req_failed": {
            "passes": 14,
            "fails": 149037,
            "value": 0.00009392758183440567
        },
        "http_req_waiting": {
            "min": 0,
            "med": 1384.106409,
            "max": 10297.290068,
            "p(50)": 1384.106409,
            "p(90)": 2815.160285,
            "p(95)": 3949.072944,
            "p(99)": 6006.4167130000005,
            "avg": 1405.68742959264
        },
        "iteration_duration": {
            "max": 5873.919707,
            "p(50)": 1437.769262,
            "p(90)": 2495.872246,
            "p(95)": 2961.3061785,
            "p(99)": 3854.590185,
            "avg": 1304.6577028700813,
            "min": 3.482567,
            "med": 1437.769262
        },
        "checks": {
            "passes": 148739,
            "fails": 14,
            "value": 0.999905884251074
        },
        "http_req_duration{expected_response:true}": {
            "max": 10297.578261,
            "p(50)": 1385.949646,
            "p(90)": 2819.2059228,
            "p(95)": 3953.3100919999983,
            "p(99)": 6018.710359239995,
            "avg": 1407.7040893859685,
            "min": -2618.474724,
            "med": 1385.949646
        },
        "iterations": {
            "count": 149051,
            "rate": 634.7863995572316
        },
        "vus": {
            "value": 586,
            "min": 8,
            "max": 1500
        },
        "data_received": {
            "count": 87655676,
            "rate": 373312.6981287964
        },
        "http_req_sending": {
            "max": 6090.801539,
            "p(50)": 0.021215,
            "p(90)": 0.078962,
            "p(95)": 0.1956115,
            "p(99)": 0.818214,
            "avg": 0.10871181519077291,
            "min": 0.005356,
            "med": 0.021215
        },
        "data_sent": {
            "count": 12950166,
            "rate": 55152.86209960668
        },
        "order_detail_duration": {
            "med": 1387.915007,
            "max": 10297.578261,
            "p(50)": 1387.915007,
            "p(90)": 2822.784850400002,
            "p(95)": 3961.680446799997,
            "p(99)": 6026.091766160026,
            "avg": 1410.7804836328048,
            "min": -2618.474724
        },
        "http_req_blocked": {
            "avg": 0.03520371067621255,
            "min": 0.002374,
            "med": 0.007925,
            "max": 48.107825,
            "p(50)": 0.007925,
            "p(90)": 0.011091,
            "p(95)": 0.021724,
            "p(99)": 0.42821149999999997
        },
        "http_reqs": {
            "count": 149051,
            "rate": 634.7863995572316
        },
        "vus_max": {
            "value": 1513,
            "min": 510,
            "max": 1513
        },
        "status_5xx": {
            "count": 14,
            "rate": 0.059623951491779605
        }
    },
    "root_group": {
        "name": "",
        "path": "",
        "id": "d41d8cd98f00b204e9800998ecf8427e",
        "groups": {},
        "checks": {
                "OrderDetail status OK": {
                    "name": "OrderDetail status OK",
                    "path": "::OrderDetail status OK",
                    "id": "f04199cfa4089db30b80c2eea193ae72",
                    "passes": 148739,
                    "fails": 14
                }
            }
    }
}