api,p50_ms,p95_ms,p99_ms,errors,200,404,4xx_else,5xx,other
order_detail,91.6908075,2229.1550256999994,5605.228021329998,2,170150,0,0,2,0