api,p50_ms,p95_ms,p99_ms,errors,200,404,4xx_else,5xx,other
order_detail,303.820497,3047.602689999999,6061.523974399997,10,161738,0,0,10,0